timestamp,client_ip,method,url,path,attack_type,body_len,body_entropy,special_char_count
2025-12-31T04:58:35.832970Z,127.0.0.1:43114,GET,http://192.168.122.170/dvwa/,/dvwa/,NORMAL,0,0.0,0
2025-12-31T04:58:51.025276Z,127.0.0.1:33854,GET,http://192.168.122.170/dvwa/instructions.php,/dvwa/instructions.php,NORMAL,0,0.0,0
2025-12-31T04:58:51.933124Z,127.0.0.1:33854,GET,http://192.168.122.170/dvwa/setup.php,/dvwa/setup.php,NORMAL,0,0.0,0
2025-12-31T04:58:54.142944Z,127.0.0.1:33854,GET,http://192.168.122.170/dvwa/vulnerabilities/brute/,/dvwa/vulnerabilities/brute/,NORMAL,0,0.0,0
2025-12-31T04:58:55.840927Z,127.0.0.1:33854,GET,http://192.168.122.170/dvwa/vulnerabilities/exec/,/dvwa/vulnerabilities/exec/,NORMAL,0,0.0,0
2025-12-31T04:59:00.435126Z,127.0.0.1:33854,POST,http://192.168.122.170/dvwa/vulnerabilities/exec/,/dvwa/vulnerabilities/exec/,COMMAND_INJECTION,24,3.522,1
2025-12-31T04:59:04.612733Z,127.0.0.1:33854,POST,http://192.168.122.170/dvwa/vulnerabilities/exec/,/dvwa/vulnerabilities/exec/,COMMAND_INJECTION,22,3.573,1
2025-12-31T05:01:30.481731Z,127.0.0.1:58170,POST,http://192.168.122.170/dvwa/vulnerabilities/exec/,/dvwa/vulnerabilities/exec/,COMMAND_INJECTION,22,3.573,1
2025-12-31T05:01:35.791013Z,127.0.0.1:58170,POST,http://192.168.122.170/dvwa/vulnerabilities/exec/,/dvwa/vulnerabilities/exec/,NORMAL,35,3.986,1
2025-12-31T05:01:38.367388Z,127.0.0.1:58170,POST,http://192.168.122.170/dvwa/vulnerabilities/exec/,/dvwa/vulnerabilities/exec/,COMMAND_INJECTION,22,3.573,1
2025-12-31T05:01:42.453435Z,127.0.0.1:58170,POST,http://192.168.122.170/dvwa/vulnerabilities/exec/,/dvwa/vulnerabilities/exec/,COMMAND_INJECTION,22,3.573,1
2025-12-31T05:01:46.504386Z,127.0.0.1:58170,POST,http://192.168.122.170/dvwa/vulnerabilities/exec/,/dvwa/vulnerabilities/exec/,COMMAND_INJECTION,22,3.573,1
2025-12-31T05:01:50.137819Z,127.0.0.1:58170,POST,http://192.168.122.170/dvwa/vulnerabilities/exec/,/dvwa/vulnerabilities/exec/,COMMAND_INJECTION,22,3.573,1
2025-12-31T05:01:56.338275Z,127.0.0.1:58170,POST,http://192.168.122.170/dvwa/vulnerabilities/exec/,/dvwa/vulnerabilities/exec/,COMMAND_INJECTION,22,3.573,1
2025-12-31T05:02:01.618395Z,127.0.0.1:58170,POST,http://192.168.122.170/dvwa/vulnerabilities/exec/,/dvwa/vulnerabilities/exec/,COMMAND_INJECTION,22,3.573,1
2025-12-31T05:02:04.962723Z,127.0.0.1:58170,POST,http://192.168.122.170/dvwa/vulnerabilities/exec/,/dvwa/vulnerabilities/exec/,COMMAND_INJECTION,22,3.573,1
2025-12-31T05:02:06.308515Z,127.0.0.1:58170,POST,http://192.168.122.170/dvwa/vulnerabilities/exec/,/dvwa/vulnerabilities/exec/,COMMAND_INJECTION,22,3.573,1
2025-12-31T05:02:07.155220Z,127.0.0.1:58170,POST,http://192.168.122.170/dvwa/vulnerabilities/exec/,/dvwa/vulnerabilities/exec/,COMMAND_INJECTION,22,3.573,1
2025-12-31T05:02:07.872367Z,127.0.0.1:58170,POST,http://192.168.122.170/dvwa/vulnerabilities/exec/,/dvwa/vulnerabilities/exec/,COMMAND_INJECTION,22,3.573,1
2025-12-31T05:02:08.501936Z,127.0.0.1:58170,POST,http://192.168.122.170/dvwa/vulnerabilities/exec/,/dvwa/vulnerabilities/exec/,COMMAND_INJECTION,22,3.573,1
2025-12-31T05:02:09.110199Z,127.0.0.1:58170,POST,http://192.168.122.170/dvwa/vulnerabilities/exec/,/dvwa/vulnerabilities/exec/,COMMAND_INJECTION,22,3.573,1
2025-12-31T05:02:09.524160Z,127.0.0.1:58170,POST,http://192.168.122.170/dvwa/vulnerabilities/exec/,/dvwa/vulnerabilities/exec/,COMMAND_INJECTION,22,3.573,1
2025-12-31T05:02:09.780145Z,127.0.0.1:58170,POST,http://192.168.122.170/dvwa/vulnerabilities/exec/,/dvwa/vulnerabilities/exec/,COMMAND_INJECTION,22,3.573,1
2025-12-31T05:02:10.037916Z,127.0.0.1:58170,POST,http://192.168.122.170/dvwa/vulnerabilities/exec/,/dvwa/vulnerabilities/exec/,COMMAND_INJECTION,22,3.573,1
2025-12-31T05:02:10.276578Z,127.0.0.1:58170,POST,http://192.168.122.170/dvwa/vulnerabilities/exec/,/dvwa/vulnerabilities/exec/,COMMAND_INJECTION,22,3.573,1
2025-12-31T05:02:12.141015Z,127.0.0.1:58170,POST,http://192.168.122.170/dvwa/vulnerabilities/exec/,/dvwa/vulnerabilities/exec/,NORMAL,17,3.102,1
2025-12-31T05:02:12.341729Z,127.0.0.1:58170,POST,http://192.168.122.170/dvwa/vulnerabilities/exec/,/dvwa/vulnerabilities/exec/,NORMAL,17,3.102,1
2025-12-31T05:02:12.542875Z,127.0.0.1:58170,POST,http://192.168.122.170/dvwa/vulnerabilities/exec/,/dvwa/vulnerabilities/exec/,NORMAL,17,3.102,1
2025-12-31T05:02:12.559877Z,127.0.0.1:40924,GET,http://192.168.122.170/dvwa/vulnerabilities/exec/,/dvwa/vulnerabilities/exec/,NORMAL,0,0.0,0
2025-12-31T05:02:13.207658Z,127.0.0.1:40924,GET,http://192.168.122.170/dvwa/vulnerabilities/upload/,/dvwa/vulnerabilities/upload/,NORMAL,0,0.0,0
2025-12-31T05:02:13.799031Z,127.0.0.1:40924,GET,http://192.168.122.170/dvwa/login.php,/dvwa/login.php,NORMAL,0,0.0,0
2025-12-31T05:02:17.872297Z,127.0.0.1:40924,GET,http://192.168.122.170/dvwa/,/dvwa/,NORMAL,0,0.0,0
2025-12-31T05:02:19.341897Z,127.0.0.1:40924,GET,http://192.168.122.170/dvwa/vulnerabilities/sqli/,/dvwa/vulnerabilities/sqli/,NORMAL,0,0.0,0
2025-12-31T05:02:27.098373Z,127.0.0.1:40924,GET,http://192.168.122.170/dvwa/vulnerabilities/sqli/?id=%27+OR+1%3D1+--&Submit=Submit,/dvwa/vulnerabilities/sqli/?id=%27+OR+1%3D1+--&Submit=Submit,SQL_INJECTION,0,0.0,0
2025-12-31T05:02:29.910185Z,127.0.0.1:40924,GET,http://192.168.122.170/dvwa/vulnerabilities/sqli/?id=%27+OR+1%3D1+--&Submit=Submit,/dvwa/vulnerabilities/sqli/?id=%27+OR+1%3D1+--&Submit=Submit,SQL_INJECTION,0,0.0,0
2025-12-31T05:02:35.276450Z,127.0.0.1:40924,GET,http://192.168.122.170/dvwa/vulnerabilities/sqli/?id=%27+OR+1%3D1+--&Submit=Submit,/dvwa/vulnerabilities/sqli/?id=%27+OR+1%3D1+--&Submit=Submit,SQL_INJECTION,0,0.0,0
2025-12-31T05:02:36.613440Z,127.0.0.1:40924,GET,http://192.168.122.170/dvwa/vulnerabilities/sqli/?id=%27+OR+1%3D1+--&Submit=Submit,/dvwa/vulnerabilities/sqli/?id=%27+OR+1%3D1+--&Submit=Submit,SQL_INJECTION,0,0.0,0
2025-12-31T05:02:37.473515Z,127.0.0.1:40924,GET,http://192.168.122.170/dvwa/vulnerabilities/sqli/?id=%27+OR+1%3D1+--&Submit=Submit,/dvwa/vulnerabilities/sqli/?id=%27+OR+1%3D1+--&Submit=Submit,SQL_INJECTION,0,0.0,0
2025-12-31T05:02:38.158058Z,127.0.0.1:40924,GET,http://192.168.122.170/dvwa/vulnerabilities/sqli/?id=%27+OR+1%3D1+--&Submit=Submit,/dvwa/vulnerabilities/sqli/?id=%27+OR+1%3D1+--&Submit=Submit,SQL_INJECTION,0,0.0,0
2025-12-31T05:02:38.787652Z,127.0.0.1:40924,GET,http://192.168.122.170/dvwa/vulnerabilities/sqli/?id=%27+OR+1%3D1+--&Submit=Submit,/dvwa/vulnerabilities/sqli/?id=%27+OR+1%3D1+--&Submit=Submit,SQL_INJECTION,0,0.0,0
2025-12-31T05:02:39.464782Z,127.0.0.1:40924,GET,http://192.168.122.170/dvwa/vulnerabilities/sqli/?id=%27+OR+1%3D1+--&Submit=Submit,/dvwa/vulnerabilities/sqli/?id=%27+OR+1%3D1+--&Submit=Submit,SQL_INJECTION,0,0.0,0
2025-12-31T05:02:40.102155Z,127.0.0.1:40924,GET,http://192.168.122.170/dvwa/vulnerabilities/sqli/?id=%27+OR+1%3D1+--&Submit=Submit,/dvwa/vulnerabilities/sqli/?id=%27+OR+1%3D1+--&Submit=Submit,SQL_INJECTION,0,0.0,0
2025-12-31T05:02:40.729973Z,127.0.0.1:40924,GET,http://192.168.122.170/dvwa/vulnerabilities/sqli/?id=%27+OR+1%3D1+--&Submit=Submit,/dvwa/vulnerabilities/sqli/?id=%27+OR+1%3D1+--&Submit=Submit,SQL_INJECTION,0,0.0,0
2025-12-31T05:02:41.380809Z,127.0.0.1:40924,GET,http://192.168.122.170/dvwa/vulnerabilities/sqli/?id=%27+OR+1%3D1+--&Submit=Submit,/dvwa/vulnerabilities/sqli/?id=%27+OR+1%3D1+--&Submit=Submit,SQL_INJECTION,0,0.0,0
2025-12-31T05:02:41.984794Z,127.0.0.1:40924,GET,http://192.168.122.170/dvwa/vulnerabilities/sqli/?id=%27+OR+1%3D1+--&Submit=Submit,/dvwa/vulnerabilities/sqli/?id=%27+OR+1%3D1+--&Submit=Submit,SQL_INJECTION,0,0.0,0
2025-12-31T05:02:42.569051Z,127.0.0.1:40924,GET,http://192.168.122.170/dvwa/vulnerabilities/sqli/?id=%27+OR+1%3D1+--&Submit=Submit,/dvwa/vulnerabilities/sqli/?id=%27+OR+1%3D1+--&Submit=Submit,SQL_INJECTION,0,0.0,0
2025-12-31T05:02:43.191756Z,127.0.0.1:40924,GET,http://192.168.122.170/dvwa/vulnerabilities/sqli/?id=%27+OR+1%3D1+--&Submit=Submit,/dvwa/vulnerabilities/sqli/?id=%27+OR+1%3D1+--&Submit=Submit,SQL_INJECTION,0,0.0,0
2025-12-31T05:02:43.889618Z,127.0.0.1:40924,GET,http://192.168.122.170/dvwa/vulnerabilities/sqli/?id=%27+OR+1%3D1+--&Submit=Submit,/dvwa/vulnerabilities/sqli/?id=%27+OR+1%3D1+--&Submit=Submit,SQL_INJECTION,0,0.0,0
2025-12-31T05:02:44.459197Z,127.0.0.1:40924,GET,http://192.168.122.170/dvwa/vulnerabilities/sqli/?id=%27+OR+1%3D1+--&Submit=Submit,/dvwa/vulnerabilities/sqli/?id=%27+OR+1%3D1+--&Submit=Submit,SQL_INJECTION,0,0.0,0
2025-12-31T05:02:45.051954Z,127.0.0.1:40924,GET,http://192.168.122.170/dvwa/vulnerabilities/sqli/?id=%27+OR+1%3D1+--&Submit=Submit,/dvwa/vulnerabilities/sqli/?id=%27+OR+1%3D1+--&Submit=Submit,SQL_INJECTION,0,0.0,0
2025-12-31T05:02:45.625551Z,127.0.0.1:40924,GET,http://192.168.122.170/dvwa/vulnerabilities/sqli/?id=%27+OR+1%3D1+--&Submit=Submit,/dvwa/vulnerabilities/sqli/?id=%27+OR+1%3D1+--&Submit=Submit,SQL_INJECTION,0,0.0,0
2025-12-31T05:02:46.239958Z,127.0.0.1:40924,GET,http://192.168.122.170/dvwa/vulnerabilities/sqli/?id=%27+OR+1%3D1+--&Submit=Submit,/dvwa/vulnerabilities/sqli/?id=%27+OR+1%3D1+--&Submit=Submit,SQL_INJECTION,0,0.0,0
2025-12-31T05:02:46.810464Z,127.0.0.1:40924,GET,http://192.168.122.170/dvwa/vulnerabilities/sqli/?id=%27+OR+1%3D1+--&Submit=Submit,/dvwa/vulnerabilities/sqli/?id=%27+OR+1%3D1+--&Submit=Submit,SQL_INJECTION,0,0.0,0
2025-12-31T05:02:47.370054Z,127.0.0.1:40924,GET,http://192.168.122.170/dvwa/vulnerabilities/sqli/?id=%27+OR+1%3D1+--&Submit=Submit,/dvwa/vulnerabilities/sqli/?id=%27+OR+1%3D1+--&Submit=Submit,SQL_INJECTION,0,0.0,0
2025-12-31T05:02:47.950537Z,127.0.0.1:40924,GET,http://192.168.122.170/dvwa/vulnerabilities/sqli/?id=%27+OR+1%3D1+--&Submit=Submit,/dvwa/vulnerabilities/sqli/?id=%27+OR+1%3D1+--&Submit=Submit,SQL_INJECTION,0,0.0,0
2025-12-31T05:02:48.504880Z,127.0.0.1:40924,GET,http://192.168.122.170/dvwa/vulnerabilities/sqli/?id=%27+OR+1%3D1+--&Submit=Submit,/dvwa/vulnerabilities/sqli/?id=%27+OR+1%3D1+--&Submit=Submit,SQL_INJECTION,0,0.0,0
2025-12-31T05:02:49.024338Z,127.0.0.1:40924,GET,http://192.168.122.170/dvwa/vulnerabilities/sqli/?id=%27+OR+1%3D1+--&Submit=Submit,/dvwa/vulnerabilities/sqli/?id=%27+OR+1%3D1+--&Submit=Submit,SQL_INJECTION,0,0.0,0
2025-12-31T05:02:49.605805Z,127.0.0.1:40924,GET,http://192.168.122.170/dvwa/vulnerabilities/sqli/?id=%27+OR+1%3D1+--&Submit=Submit,/dvwa/vulnerabilities/sqli/?id=%27+OR+1%3D1+--&Submit=Submit,SQL_INJECTION,0,0.0,0
2025-12-31T05:02:50.131359Z,127.0.0.1:40924,GET,http://192.168.122.170/dvwa/vulnerabilities/sqli/?id=%27+OR+1%3D1+--&Submit=Submit,/dvwa/vulnerabilities/sqli/?id=%27+OR+1%3D1+--&Submit=Submit,SQL_INJECTION,0,0.0,0
2025-12-31T05:02:50.652570Z,127.0.0.1:40924,GET,http://192.168.122.170/dvwa/vulnerabilities/sqli/?id=%27+OR+1%3D1+--&Submit=Submit,/dvwa/vulnerabilities/sqli/?id=%27+OR+1%3D1+--&Submit=Submit,SQL_INJECTION,0,0.0,0
2025-12-31T05:02:51.197779Z,127.0.0.1:40924,GET,http://192.168.122.170/dvwa/vulnerabilities/sqli/?id=%27+OR+1%3D1+--&Submit=Submit,/dvwa/vulnerabilities/sqli/?id=%27+OR+1%3D1+--&Submit=Submit,SQL_INJECTION,0,0.0,0
2025-12-31T05:02:51.757293Z,127.0.0.1:40924,GET,http://192.168.122.170/dvwa/vulnerabilities/sqli/?id=%27+OR+1%3D1+--&Submit=Submit,/dvwa/vulnerabilities/sqli/?id=%27+OR+1%3D1+--&Submit=Submit,SQL_INJECTION,0,0.0,0
2025-12-31T05:02:52.247034Z,127.0.0.1:40924,GET,http://192.168.122.170/dvwa/vulnerabilities/sqli/?id=%27+OR+1%3D1+--&Submit=Submit,/dvwa/vulnerabilities/sqli/?id=%27+OR+1%3D1+--&Submit=Submit,SQL_INJECTION,0,0.0,0
2025-12-31T05:02:52.779530Z,127.0.0.1:40924,GET,http://192.168.122.170/dvwa/vulnerabilities/sqli/?id=%27+OR+1%3D1+--&Submit=Submit,/dvwa/vulnerabilities/sqli/?id=%27+OR+1%3D1+--&Submit=Submit,SQL_INJECTION,0,0.0,0
2025-12-31T05:02:53.626055Z,127.0.0.1:40924,GET,http://192.168.122.170/dvwa/vulnerabilities/sqli/?id=%27+OR+1%3D1+--&Submit=Submit,/dvwa/vulnerabilities/sqli/?id=%27+OR+1%3D1+--&Submit=Submit,SQL_INJECTION,0,0.0,0
2025-12-31T05:02:54.291881Z,127.0.0.1:40924,GET,http://192.168.122.170/dvwa/vulnerabilities/sqli/?id=%27+OR+1%3D1+--&Submit=Submit,/dvwa/vulnerabilities/sqli/?id=%27+OR+1%3D1+--&Submit=Submit,SQL_INJECTION,0,0.0,0
2025-12-31T05:02:54.787222Z,127.0.0.1:40924,GET,http://192.168.122.170/dvwa/vulnerabilities/sqli/?id=%27+OR+1%3D1+--&Submit=Submit,/dvwa/vulnerabilities/sqli/?id=%27+OR+1%3D1+--&Submit=Submit,SQL_INJECTION,0,0.0,0
2025-12-31T05:03:20.145637Z,127.0.0.1:40924,GET,http://192.168.122.170/dvwa/vulnerabilities/xss_s/,/dvwa/vulnerabilities/xss_s/,NORMAL,0,0.0,0
2025-12-31T05:03:20.884133Z,127.0.0.1:40924,GET,http://192.168.122.170/dvwa/vulnerabilities/xss_r/,/dvwa/vulnerabilities/xss_r/,NORMAL,0,0.0,0
2025-12-31T05:03:26.317308Z,127.0.0.1:40924,GET,http://192.168.122.170/dvwa/vulnerabilities/xss_r/?name=%3Cscript%3Ealert%28%22hekk%22%29%3C%2Fscript%3E,/dvwa/vulnerabilities/xss_r/?name=%3Cscript%3Ealert%28%22hekk%22%29%3C%2Fscript%3E,XSS,0,0.0,0
2025-12-31T05:03:29.548224Z,127.0.0.1:40924,GET,http://192.168.122.170/dvwa/vulnerabilities/xss_r/?name=%3Cscript%3Ealert%28%22hekk%22%29%3C%2Fscript%3E,/dvwa/vulnerabilities/xss_r/?name=%3Cscript%3Ealert%28%22hekk%22%29%3C%2Fscript%3E,XSS,0,0.0,0
2025-12-31T05:03:33.654428Z,127.0.0.1:40924,GET,http://192.168.122.170/dvwa/vulnerabilities/xss_r/?name=%3Cscript%3Ealert%28%22hekk%22%29%3C%2Fscript%3E,/dvwa/vulnerabilities/xss_r/?name=%3Cscript%3Ealert%28%22hekk%22%29%3C%2Fscript%3E,XSS,0,0.0,0
2025-12-31T05:03:34.982709Z,127.0.0.1:40924,GET,http://192.168.122.170/dvwa/vulnerabilities/xss_r/?name=%3Cscript%3Ealert%28%22hekk%22%29%3C%2Fscript%3E,/dvwa/vulnerabilities/xss_r/?name=%3Cscript%3Ealert%28%22hekk%22%29%3C%2Fscript%3E,XSS,0,0.0,0
2025-12-31T05:03:35.590352Z,127.0.0.1:40924,GET,http://192.168.122.170/dvwa/vulnerabilities/xss_r/?name=%3Cscript%3Ealert%28%22hekk%22%29%3C%2Fscript%3E,/dvwa/vulnerabilities/xss_r/?name=%3Cscript%3Ealert%28%22hekk%22%29%3C%2Fscript%3E,XSS,0,0.0,0
2025-12-31T05:03:36.155715Z,127.0.0.1:40924,GET,http://192.168.122.170/dvwa/vulnerabilities/xss_r/?name=%3Cscript%3Ealert%28%22hekk%22%29%3C%2Fscript%3E,/dvwa/vulnerabilities/xss_r/?name=%3Cscript%3Ealert%28%22hekk%22%29%3C%2Fscript%3E,XSS,0,0.0,0
2025-12-31T05:03:36.823876Z,127.0.0.1:40924,GET,http://192.168.122.170/dvwa/vulnerabilities/xss_r/?name=%3Cscript%3Ealert%28%22hekk%22%29%3C%2Fscript%3E,/dvwa/vulnerabilities/xss_r/?name=%3Cscript%3Ealert%28%22hekk%22%29%3C%2Fscript%3E,XSS,0,0.0,0
2025-12-31T05:03:37.347193Z,127.0.0.1:40924,GET,http://192.168.122.170/dvwa/vulnerabilities/xss_r/?name=%3Cscript%3Ealert%28%22hekk%22%29%3C%2Fscript%3E,/dvwa/vulnerabilities/xss_r/?name=%3Cscript%3Ealert%28%22hekk%22%29%3C%2Fscript%3E,XSS,0,0.0,0
2025-12-31T05:03:37.934594Z,127.0.0.1:40924,GET,http://192.168.122.170/dvwa/vulnerabilities/xss_r/?name=%3Cscript%3Ealert%28%22hekk%22%29%3C%2Fscript%3E,/dvwa/vulnerabilities/xss_r/?name=%3Cscript%3Ealert%28%22hekk%22%29%3C%2Fscript%3E,XSS,0,0.0,0
2025-12-31T05:03:38.484355Z,127.0.0.1:40924,GET,http://192.168.122.170/dvwa/vulnerabilities/xss_r/?name=%3Cscript%3Ealert%28%22hekk%22%29%3C%2Fscript%3E,/dvwa/vulnerabilities/xss_r/?name=%3Cscript%3Ealert%28%22hekk%22%29%3C%2Fscript%3E,XSS,0,0.0,0
2025-12-31T05:03:39.052036Z,127.0.0.1:40924,GET,http://192.168.122.170/dvwa/vulnerabilities/xss_r/?name=%3Cscript%3Ealert%28%22hekk%22%29%3C%2Fscript%3E,/dvwa/vulnerabilities/xss_r/?name=%3Cscript%3Ealert%28%22hekk%22%29%3C%2Fscript%3E,XSS,0,0.0,0
2025-12-31T05:03:39.538503Z,127.0.0.1:40924,GET,http://192.168.122.170/dvwa/vulnerabilities/xss_r/?name=%3Cscript%3Ealert%28%22hekk%22%29%3C%2Fscript%3E,/dvwa/vulnerabilities/xss_r/?name=%3Cscript%3Ealert%28%22hekk%22%29%3C%2Fscript%3E,XSS,0,0.0,0
2025-12-31T05:03:40.010045Z,127.0.0.1:40924,GET,http://192.168.122.170/dvwa/vulnerabilities/xss_r/?name=%3Cscript%3Ealert%28%22hekk%22%29%3C%2Fscript%3E,/dvwa/vulnerabilities/xss_r/?name=%3Cscript%3Ealert%28%22hekk%22%29%3C%2Fscript%3E,XSS,0,0.0,0
2025-12-31T05:03:40.686905Z,127.0.0.1:40924,GET,http://192.168.122.170/dvwa/vulnerabilities/xss_r/?name=%3Cscript%3Ealert%28%22hekk%22%29%3C%2Fscript%3E,/dvwa/vulnerabilities/xss_r/?name=%3Cscript%3Ealert%28%22hekk%22%29%3C%2Fscript%3E,XSS,0,0.0,0
2025-12-31T05:03:41.201101Z,127.0.0.1:40924,GET,http://192.168.122.170/dvwa/vulnerabilities/xss_r/?name=%3Cscript%3Ealert%28%22hekk%22%29%3C%2Fscript%3E,/dvwa/vulnerabilities/xss_r/?name=%3Cscript%3Ealert%28%22hekk%22%29%3C%2Fscript%3E,XSS,0,0.0,0
2025-12-31T05:03:41.663884Z,127.0.0.1:40924,GET,http://192.168.122.170/dvwa/vulnerabilities/xss_r/?name=%3Cscript%3Ealert%28%22hekk%22%29%3C%2Fscript%3E,/dvwa/vulnerabilities/xss_r/?name=%3Cscript%3Ealert%28%22hekk%22%29%3C%2Fscript%3E,XSS,0,0.0,0
2025-12-31T05:03:42.184983Z,127.0.0.1:40924,GET,http://192.168.122.170/dvwa/vulnerabilities/xss_r/?name=%3Cscript%3Ealert%28%22hekk%22%29%3C%2Fscript%3E,/dvwa/vulnerabilities/xss_r/?name=%3Cscript%3Ealert%28%22hekk%22%29%3C%2Fscript%3E,XSS,0,0.0,0
2025-12-31T05:03:42.718047Z,127.0.0.1:40924,GET,http://192.168.122.170/dvwa/vulnerabilities/xss_r/?name=%3Cscript%3Ealert%28%22hekk%22%29%3C%2Fscript%3E,/dvwa/vulnerabilities/xss_r/?name=%3Cscript%3Ealert%28%22hekk%22%29%3C%2Fscript%3E,XSS,0,0.0,0
2025-12-31T05:03:43.245145Z,127.0.0.1:40924,GET,http://192.168.122.170/dvwa/vulnerabilities/xss_r/?name=%3Cscript%3Ealert%28%22hekk%22%29%3C%2Fscript%3E,/dvwa/vulnerabilities/xss_r/?name=%3Cscript%3Ealert%28%22hekk%22%29%3C%2Fscript%3E,XSS,0,0.0,0
2025-12-31T05:03:43.784916Z,127.0.0.1:40924,GET,http://192.168.122.170/dvwa/vulnerabilities/xss_r/?name=%3Cscript%3Ealert%28%22hekk%22%29%3C%2Fscript%3E,/dvwa/vulnerabilities/xss_r/?name=%3Cscript%3Ealert%28%22hekk%22%29%3C%2Fscript%3E,XSS,0,0.0,0
2025-12-31T05:03:44.310277Z,127.0.0.1:40924,GET,http://192.168.122.170/dvwa/vulnerabilities/xss_r/?name=%3Cscript%3Ealert%28%22hekk%22%29%3C%2Fscript%3E,/dvwa/vulnerabilities/xss_r/?name=%3Cscript%3Ealert%28%22hekk%22%29%3C%2Fscript%3E,XSS,0,0.0,0
2025-12-31T05:03:44.885468Z,127.0.0.1:40924,GET,http://192.168.122.170/dvwa/vulnerabilities/xss_r/?name=%3Cscript%3Ealert%28%22hekk%22%29%3C%2Fscript%3E,/dvwa/vulnerabilities/xss_r/?name=%3Cscript%3Ealert%28%22hekk%22%29%3C%2Fscript%3E,XSS,0,0.0,0
2025-12-31T05:03:45.394602Z,127.0.0.1:40924,GET,http://192.168.122.170/dvwa/vulnerabilities/xss_r/?name=%3Cscript%3Ealert%28%22hekk%22%29%3C%2Fscript%3E,/dvwa/vulnerabilities/xss_r/?name=%3Cscript%3Ealert%28%22hekk%22%29%3C%2Fscript%3E,XSS,0,0.0,0
2025-12-31T05:03:45.828745Z,127.0.0.1:40924,GET,http://192.168.122.170/dvwa/vulnerabilities/xss_r/?name=%3Cscript%3Ealert%28%22hekk%22%29%3C%2Fscript%3E,/dvwa/vulnerabilities/xss_r/?name=%3Cscript%3Ealert%28%22hekk%22%29%3C%2Fscript%3E,XSS,0,0.0,0
2025-12-31T05:03:46.280154Z,127.0.0.1:40924,GET,http://192.168.122.170/dvwa/vulnerabilities/xss_r/?name=%3Cscript%3Ealert%28%22hekk%22%29%3C%2Fscript%3E,/dvwa/vulnerabilities/xss_r/?name=%3Cscript%3Ealert%28%22hekk%22%29%3C%2Fscript%3E,XSS,0,0.0,0
2025-12-31T05:03:46.665454Z,127.0.0.1:40924,GET,http://192.168.122.170/dvwa/vulnerabilities/xss_r/?name=%3Cscript%3Ealert%28%22hekk%22%29%3C%2Fscript%3E,/dvwa/vulnerabilities/xss_r/?name=%3Cscript%3Ealert%28%22hekk%22%29%3C%2Fscript%3E,XSS,0,0.0,0
2025-12-31T05:03:47.066682Z,127.0.0.1:40924,GET,http://192.168.122.170/dvwa/vulnerabilities/xss_r/?name=%3Cscript%3Ealert%28%22hekk%22%29%3C%2Fscript%3E,/dvwa/vulnerabilities/xss_r/?name=%3Cscript%3Ealert%28%22hekk%22%29%3C%2Fscript%3E,XSS,0,0.0,0
2025-12-31T05:03:47.391202Z,127.0.0.1:40924,GET,http://192.168.122.170/dvwa/vulnerabilities/xss_r/?name=%3Cscript%3Ealert%28%22hekk%22%29%3C%2Fscript%3E,/dvwa/vulnerabilities/xss_r/?name=%3Cscript%3Ealert%28%22hekk%22%29%3C%2Fscript%3E,XSS,0,0.0,0
2025-12-31T05:03:47.762622Z,127.0.0.1:40924,GET,http://192.168.122.170/dvwa/vulnerabilities/xss_r/?name=%3Cscript%3Ealert%28%22hekk%22%29%3C%2Fscript%3E,/dvwa/vulnerabilities/xss_r/?name=%3Cscript%3Ealert%28%22hekk%22%29%3C%2Fscript%3E,XSS,0,0.0,0
2025-12-31T05:03:48.110005Z,127.0.0.1:40924,GET,http://192.168.122.170/dvwa/vulnerabilities/xss_r/?name=%3Cscript%3Ealert%28%22hekk%22%29%3C%2Fscript%3E,/dvwa/vulnerabilities/xss_r/?name=%3Cscript%3Ealert%28%22hekk%22%29%3C%2Fscript%3E,XSS,0,0.0,0
2025-12-31T05:03:48.454491Z,127.0.0.1:40924,GET,http://192.168.122.170/dvwa/vulnerabilities/xss_r/?name=%3Cscript%3Ealert%28%22hekk%22%29%3C%2Fscript%3E,/dvwa/vulnerabilities/xss_r/?name=%3Cscript%3Ealert%28%22hekk%22%29%3C%2Fscript%3E,XSS,0,0.0,0
2025-12-31T05:03:48.802976Z,127.0.0.1:40924,GET,http://192.168.122.170/dvwa/vulnerabilities/xss_r/?name=%3Cscript%3Ealert%28%22hekk%22%29%3C%2Fscript%3E,/dvwa/vulnerabilities/xss_r/?name=%3Cscript%3Ealert%28%22hekk%22%29%3C%2Fscript%3E,XSS,0,0.0,0
2025-12-31T05:03:49.125286Z,127.0.0.1:40924,GET,http://192.168.122.170/dvwa/vulnerabilities/xss_r/?name=%3Cscript%3Ealert%28%22hekk%22%29%3C%2Fscript%3E,/dvwa/vulnerabilities/xss_r/?name=%3Cscript%3Ealert%28%22hekk%22%29%3C%2Fscript%3E,XSS,0,0.0,0
2025-12-31T05:03:49.459381Z,127.0.0.1:40924,GET,http://192.168.122.170/dvwa/vulnerabilities/xss_r/?name=%3Cscript%3Ealert%28%22hekk%22%29%3C%2Fscript%3E,/dvwa/vulnerabilities/xss_r/?name=%3Cscript%3Ealert%28%22hekk%22%29%3C%2Fscript%3E,XSS,0,0.0,0
2025-12-31T05:03:49.774799Z,127.0.0.1:40924,GET,http://192.168.122.170/dvwa/vulnerabilities/xss_r/?name=%3Cscript%3Ealert%28%22hekk%22%29%3C%2Fscript%3E,/dvwa/vulnerabilities/xss_r/?name=%3Cscript%3Ealert%28%22hekk%22%29%3C%2Fscript%3E,XSS,0,0.0,0
2025-12-31T05:03:51.472387Z,127.0.0.1:40924,GET,http://192.168.122.170/dvwa/vulnerabilities/sqli/?id=%27+OR+1%3D1+--&Submit=Submit,/dvwa/vulnerabilities/sqli/?id=%27+OR+1%3D1+--&Submit=Submit,SQL_INJECTION,0,0.0,0
2025-12-31T05:03:52.360318Z,127.0.0.1:40924,GET,http://192.168.122.170/dvwa/vulnerabilities/sqli/?id=%27+OR+1%3D1+--&Submit=Submit,/dvwa/vulnerabilities/sqli/?id=%27+OR+1%3D1+--&Submit=Submit,SQL_INJECTION,0,0.0,0
2025-12-31T05:03:52.626242Z,127.0.0.1:40924,GET,http://192.168.122.170/dvwa/vulnerabilities/sqli/?id=%27+OR+1%3D1+--&Submit=Submit,/dvwa/vulnerabilities/sqli/?id=%27+OR+1%3D1+--&Submit=Submit,SQL_INJECTION,0,0.0,0
2025-12-31T05:03:52.964132Z,127.0.0.1:40924,GET,http://192.168.122.170/dvwa/vulnerabilities/sqli/?id=%27+OR+1%3D1+--&Submit=Submit,/dvwa/vulnerabilities/sqli/?id=%27+OR+1%3D1+--&Submit=Submit,SQL_INJECTION,0,0.0,0
2025-12-31T05:03:56.052726Z,127.0.0.1:40924,GET,http://192.168.122.170/dvwa/,/dvwa/,NORMAL,0,0.0,0
2025-12-31T05:03:57.930267Z,127.0.0.1:40924,GET,http://192.168.122.170/dvwa/vulnerabilities/upload/,/dvwa/vulnerabilities/upload/,NORMAL,0,0.0,0
2025-12-31T05:05:47.470079Z,127.0.0.1:58560,POST,http://192.168.122.170/dvwa/vulnerabilities/upload/,/dvwa/vulnerabilities/upload/,SQL_INJECTION|COMMAND_INJECTION,154476,7.917,6112
2025-12-31T05:12:23.576288Z,127.0.0.1:40494,GET,https://contile.services.mozilla.com/v1/tiles,/v1/tiles,NORMAL,0,0.0,0
2025-12-31T05:12:23.899971Z,127.0.0.1:40504,GET,https://ads-img.mozilla.org/v1/images?image_data=CnAKbmh0dHBzOi8vYW1wLWFzc2V0LjQ1dHUxYzAuY29tL2Fzc2V0cy8xMDA5L2U1Y2JiODkxY2VlODQyMTI4ZjJhMzJjMjMyYjA4ZDg5Y2ZhN2I0ZmU2OTllMmY5YWY3OTYyY2Q2NmQ0MzRlMmYuSlBHEiB2tUyBPQI59PHRMtzI2KgW6uYtgY3XIflTk2YYEY1nWQ,/v1/images?image_data=CnAKbmh0dHBzOi8vYW1wLWFzc2V0LjQ1dHUxYzAuY29tL2Fzc2V0cy8xMDA5L2U1Y2JiODkxY2VlODQyMTI4ZjJhMzJjMjMyYjA4ZDg5Y2ZhN2I0ZmU2OTllMmY5YWY3OTYyY2Q2NmQ0MzRlMmYuSlBHEiB2tUyBPQI59PHRMtzI2KgW6uYtgY3XIflTk2YYEY1nWQ,NORMAL,0,0.0,0
2025-12-31T05:12:36.642461Z,127.0.0.1:49228,GET,https://push.services.mozilla.com/,/,NORMAL,0,0.0,0
2025-12-31T05:12:37.166649Z,127.0.0.1:49230,GET,https://firefox.settings.services.mozilla.com/v1/buckets/monitor/collections/changes/changeset?_expected=%221767153433302%22,/v1/buckets/monitor/collections/changes/changeset?_expected=%221767153433302%22,NORMAL,0,0.0,0
2025-12-31T05:12:37.206740Z,127.0.0.1:49230,GET,https://firefox.settings.services.mozilla.com/v1/buckets/security-state/collections/cert-revocations/changeset?_expected=1767153433302&_since=%221767110236728%22,/v1/buckets/security-state/collections/cert-revocations/changeset?_expected=1767153433302&_since=%221767110236728%22,NORMAL,0,0.0,0
2025-12-31T05:12:37.296983Z,127.0.0.1:49240,GET,https://content-signature-2.cdn.mozilla.net/g/chains/202402/onecrl.content-signature.mozilla.org-2026-02-18-13-00-44.chain,/g/chains/202402/onecrl.content-signature.mozilla.org-2026-02-18-13-00-44.chain,NORMAL,0,0.0,0
2025-12-31T05:20:15.443394Z,127.0.0.1:40538,GET,https://push.services.mozilla.com/,/,NORMAL,0,0.0,0
2025-12-31T05:20:15.971580Z,127.0.0.1:40548,GET,https://firefox.settings.services.mozilla.com/v1/buckets/monitor/collections/changes/changeset?_expected=%221767153433302%22&_since=%221767153433302%22,/v1/buckets/monitor/collections/changes/changeset?_expected=%221767153433302%22&_since=%221767153433302%22,NORMAL,0,0.0,0
2025-12-31T05:21:09.128630Z,127.0.0.1:44420,POST,http://192.168.122.170/dvwa/vulnerabilities/upload/,/dvwa/vulnerabilities/upload/,SQL_INJECTION|COMMAND_INJECTION,154476,7.917,6112
2025-12-31T05:21:22.980575Z,127.0.0.1:44420,POST,http://192.168.122.170/dvwa/vulnerabilities/upload/,/dvwa/vulnerabilities/upload/,SQL_INJECTION|COMMAND_INJECTION,157609,7.929,6291
2025-12-31T05:21:27.165880Z,127.0.0.1:44420,POST,http://192.168.122.170/dvwa/vulnerabilities/upload/,/dvwa/vulnerabilities/upload/,SQL_INJECTION|COMMAND_INJECTION,157613,7.929,6291
2025-12-31T05:21:39.269984Z,127.0.0.1:44420,POST,http://192.168.122.170/dvwa/vulnerabilities/upload/,/dvwa/vulnerabilities/upload/,SQL_INJECTION|COMMAND_INJECTION,480,4.634,13
2025-12-31T05:22:33.411931Z,127.0.0.1:52090,GET,https://safebrowsing.googleapis.com/v4/threatListUpdates:fetch?$ct=application/x-protobuf&key=AIzaSyD3uzXks34szqk9WhKoFZypVPgdDbT3uPw&$httpMethod=POST&$req=ChUKE25hdmNsaWVudC1hdXRvLWZmb3gaJwgFEAIaGwoNCAUQBhgBIgMwMDEwARCYlR4aAhgDnjNpgSICIAIoARonCAEQAhobCg0IARAGGAEiAzAwMTABEP67ExoCGANcrbSEIgIgAigBGicIAxACGhsKDQgDEAYYASIDMDAxMAEQpLQTGgIYA9p6K6MiAiACKAEaJwgHEAIaGwoNCAcQBhgBIgMwMDEwARCdwBMaAhgDb480dyICIAIoARolCAkQAhoZCg0ICRAGGAEiAzAwMTABECQaAhgDhGZAriICIAIoAQ==,/v4/threatListUpdates:fetch?$ct=application/x-protobuf&key=AIzaSyD3uzXks34szqk9WhKoFZypVPgdDbT3uPw&$httpMethod=POST&$req=ChUKE25hdmNsaWVudC1hdXRvLWZmb3gaJwgFEAIaGwoNCAUQBhgBIgMwMDEwARCYlR4aAhgDnjNpgSICIAIoARonCAEQAhobCg0IARAGGAEiAzAwMTABEP67ExoCGANcrbSEIgIgAigBGicIAxACGhsKDQgDEAYYASIDMDAxMAEQpLQTGgIYA9p6K6MiAiACKAEaJwgHEAIaGwoNCAcQBhgBIgMwMDEwARCdwBMaAhgDb480dyICIAIoARolCAkQAhoZCg0ICRAGGAEiAzAwMTABECQaAhgDhGZAriICIAIoAQ==,NORMAL,0,0.0,0
2025-12-31T05:22:51.714899Z,127.0.0.1:44420,POST,http://192.168.122.170/dvwa/vulnerabilities/upload/,/dvwa/vulnerabilities/upload/,SQL_INJECTION|COMMAND_INJECTION,20462,4.922,1712
2025-12-31T05:27:26.854781Z,127.0.0.1:58540,GET,https://contile.services.mozilla.com/v1/tiles,/v1/tiles,NORMAL,0,0.0,0
2025-12-31T05:31:42.906492Z,127.0.0.1:57008,GET,https://push.services.mozilla.com/,/,NORMAL,0,0.0
2025-12-31T05:31:50.338699Z,127.0.0.1:50036,POST,http://192.168.122.170/dvwa/vulnerabilities/upload/,/dvwa/vulnerabilities/upload/,NORMAL,20466,4.922
2025-12-31T05:32:23.693115Z,127.0.0.1:40184,POST,http://192.168.122.170/dvwa/vulnerabilities/upload/,/dvwa/vulnerabilities/upload/,FILE_UPLOAD_ABUSE,20470,4.924
2025-12-31T05:32:31.807964Z,127.0.0.1:56530,GET,https://push.services.mozilla.com/,/,NORMAL,0,0.0
2025-12-31T05:33:13.671375Z,127.0.0.1:40184,POST,http://192.168.122.170/dvwa/vulnerabilities/upload/,/dvwa/vulnerabilities/upload/,FILE_UPLOAD_ABUSE,520,4.609
2025-12-31T05:33:40.943463Z,127.0.0.1:42414,POST,http://192.168.122.170/dvwa/vulnerabilities/upload/,/dvwa/vulnerabilities/upload/,NORMAL,516,4.646
2025-12-31T05:33:51.048902Z,127.0.0.1:55794,GET,https://push.services.mozilla.com/,/,NORMAL,0,0.0
2025-12-31T05:33:59.898771Z,127.0.0.1:52408,POST,http://192.168.122.170/dvwa/vulnerabilities/upload/,/dvwa/vulnerabilities/upload/,NORMAL,154476,7.917
2025-12-31T05:35:02.593057Z,127.0.0.1:33158,POST,http://192.168.122.170/dvwa/vulnerabilities/upload/,/dvwa/vulnerabilities/upload/,FILE_UPLOAD_ABUSE,556,4.836
2025-12-31T05:35:06.074469Z,127.0.0.1:33158,GET,http://192.168.122.170/dvwa/vulnerabilities/sqli/,/dvwa/vulnerabilities/sqli/,NORMAL,0,0.0
2025-12-31T05:35:08.069199Z,127.0.0.1:33164,GET,https://push.services.mozilla.com/,/,NORMAL,0,0.0
2025-12-31T05:35:09.497279Z,127.0.0.1:33158,GET,http://192.168.122.170/dvwa/vulnerabilities/sqli/?id=%27+OR+1%3D1+--&Submit=Submit,/dvwa/vulnerabilities/sqli/?id=%27+OR+1%3D1+--&Submit=Submit,SQL_INJECTION,0,0.0
2025-12-31T05:35:15.163765Z,127.0.0.1:33158,GET,http://192.168.122.170/dvwa/vulnerabilities/sqli/?id=hello&Submit=Submit,/dvwa/vulnerabilities/sqli/?id=hello&Submit=Submit,NORMAL,0,0.0
2025-12-31T05:35:19.575067Z,127.0.0.1:33158,GET,http://192.168.122.170/dvwa/vulnerabilities/sqli/?id=attack&Submit=Submit,/dvwa/vulnerabilities/sqli/?id=attack&Submit=Submit,NORMAL,0,0.0
2025-12-31T05:35:23.057452Z,127.0.0.1:33158,GET,http://192.168.122.170/dvwa/vulnerabilities/sqli/?id=passs&Submit=Submit,/dvwa/vulnerabilities/sqli/?id=passs&Submit=Submit,NORMAL,0,0.0
2025-12-31T05:42:26.879989Z,127.0.0.1:59040,GET,https://contile.services.mozilla.com/v1/tiles,/v1/tiles,NORMAL,0,0.0
2025-12-31T05:52:42.708881Z,127.0.0.1:57844,GET,https://safebrowsing.googleapis.com/v4/threatListUpdates:fetch?$ct=application/x-protobuf&key=AIzaSyD3uzXks34szqk9WhKoFZypVPgdDbT3uPw&$httpMethod=POST&$req=ChUKE25hdmNsaWVudC1hdXRvLWZmb3gaJwgFEAIaGwoNCAUQBhgBIgMwMDEwARCclR4aAhgDmJkNayICIAIoARonCAEQAhobCg0IARAGGAEiAzAwMTABEIK8ExoCGAMJAY_2IgIgAigBGicIAxACGhsKDQgDEAYYASIDMDAxMAEQqLQTGgIYAzXQwC4iAiACKAEaJwgHEAIaGwoNCAcQBhgBIgMwMDEwARCgwBMaAhgD4qxAcyICIAIoARolCAkQAhoZCg0ICRAGGAEiAzAwMTABECQaAhgDhGZAriICIAIoAQ==,/v4/threatListUpdates:fetch?$ct=application/x-protobuf&key=AIzaSyD3uzXks34szqk9WhKoFZypVPgdDbT3uPw&$httpMethod=POST&$req=ChUKE25hdmNsaWVudC1hdXRvLWZmb3gaJwgFEAIaGwoNCAUQBhgBIgMwMDEwARCclR4aAhgDmJkNayICIAIoARonCAEQAhobCg0IARAGGAEiAzAwMTABEIK8ExoCGAMJAY_2IgIgAigBGicIAxACGhsKDQgDEAYYASIDMDAxMAEQqLQTGgIYAzXQwC4iAiACKAEaJwgHEAIaGwoNCAcQBhgBIgMwMDEwARCgwBMaAhgD4qxAcyICIAIoARolCAkQAhoZCg0ICRAGGAEiAzAwMTABECQaAhgDhGZAriICIAIoAQ==,NORMAL,0,0.0
2025-12-31T05:55:24.409906Z,127.0.0.1:57866,GET,https://push.services.mozilla.com/,/,NORMAL,0,0.0
2025-12-31T06:00:12.174893Z,127.0.0.1:49578,GET,https://contile.services.mozilla.com/v1/tiles,/v1/tiles,NORMAL,0,0.0
2025-12-31T06:15:16.482331Z,127.0.0.1:43172,GET,https://contile.services.mozilla.com/v1/tiles,/v1/tiles,NORMAL,0,0.0
2025-12-31T06:15:39.761894Z,127.0.0.1:59470,GET,https://push.services.mozilla.com/,/,NORMAL,0,0.0
2025-12-31T06:15:40.277491Z,127.0.0.1:59472,GET,https://firefox.settings.services.mozilla.com/v1/buckets/monitor/collections/changes/changeset?_expected=%221767153433302%22&_since=%221767153433302%22,/v1/buckets/monitor/collections/changes/changeset?_expected=%221767153433302%22&_since=%221767153433302%22,NORMAL,0,0.0
2025-12-31T06:19:30.888115Z,127.0.0.1,GET,http://192.168.122.170/dvwa/vulnerabilities/sqli/?id=%27+OR+1%3D1+--&Submit=Submit,/dvwa/vulnerabilities/sqli/?id=%27+OR+1%3D1+--&Submit=Submit,SQL_INJECTION,0,0.0
2025-12-31T06:19:31.000100Z,127.0.0.1,GET,https://firefox.settings.services.mozilla.com/v1/buckets/main/collections/ms-language-packs/records/cfr-v1-en-US,/v1/buckets/main/collections/ms-language-packs/records/cfr-v1-en-US,NORMAL,0,0.0
2025-12-31T06:19:37.882995Z,127.0.0.1,GET,http://192.168.122.170/dvwa/vulnerabilities/sqli/?id=usewe&Submit=Submit,/dvwa/vulnerabilities/sqli/?id=usewe&Submit=Submit,NORMAL,0,0.0
2025-12-31T06:19:37.909108Z,127.0.0.1,GET,http://192.168.122.170/dvwa/login.php,/dvwa/login.php,NORMAL,0,0.0
2025-12-31T06:19:39.159884Z,127.0.0.1,GET,https://push.services.mozilla.com/,/,NORMAL,0,0.0
2025-12-31T06:19:43.963072Z,127.0.0.1,GET,http://192.168.122.170/dvwa/vulnerabilities/sqli/?id=usewe&Submit=Submit,/dvwa/vulnerabilities/sqli/?id=usewe&Submit=Submit,NORMAL,0,0.0
2025-12-31T06:19:43.984402Z,127.0.0.1,GET,http://192.168.122.170/dvwa/login.php,/dvwa/login.php,NORMAL,0,0.0
2025-12-31T06:19:50.924366Z,127.0.0.1,GET,http://192.168.122.170/dvwa/vulnerabilities/sqli/?id=s&Submit=Submit,/dvwa/vulnerabilities/sqli/?id=s&Submit=Submit,NORMAL,0,0.0
2025-12-31T06:19:50.943039Z,127.0.0.1,GET,http://192.168.122.170/dvwa/login.php,/dvwa/login.php,NORMAL,0,0.0
2025-12-31T06:19:59.102888Z,127.0.0.1,POST,http://192.168.122.170/dvwa/login.php,/dvwa/login.php,NORMAL,44,3.9
2025-12-31T06:19:59.132484Z,127.0.0.1,GET,http://192.168.122.170/dvwa/index.php,/dvwa/index.php,NORMAL,0,0.0
2025-12-31T06:20:01.473400Z,127.0.0.1,GET,http://192.168.122.170/dvwa/vulnerabilities/sqli/,/dvwa/vulnerabilities/sqli/,NORMAL,0,0.0
2025-12-31T06:20:04.126987Z,127.0.0.1,GET,http://192.168.122.170/dvwa/vulnerabilities/sqli/?id=sdsd&Submit=Submit,/dvwa/vulnerabilities/sqli/?id=sdsd&Submit=Submit,NORMAL,0,0.0
2025-12-31T06:20:09.663020Z,127.0.0.1,GET,http://192.168.122.170/dvwa/vulnerabilities/fi/?page=include.php,/dvwa/vulnerabilities/fi/?page=include.php,NORMAL,0,0.0
2025-12-31T06:20:27.697813Z,127.0.0.1,GET,https://www.google.com/complete/search?client=firefox&channel=fen&q=192.168.122.170%2Fdvwa%2Fvulnerabilities%2Ffi%2F%3Fpage%3D..%2F..%2F%2F...%2F%2F..%2F,/complete/search?client=firefox&channel=fen&q=192.168.122.170%2Fdvwa%2Fvulnerabilities%2Ffi%2F%3Fpage%3D..%2F..%2F%2F...%2F%2F..%2F,PATH_TRAVERSAL,0,0.0
2025-12-31T06:20:29.332826Z,127.0.0.1,GET,https://www.google.com/complete/search?client=firefox&channel=fen&q=192.168.122.170%2Fdvwa%2Fvulnerabilities%2Ffi%2F%3Fpage%3D..%2F..%2F%2F..%2F%2F..%2F,/complete/search?client=firefox&channel=fen&q=192.168.122.170%2Fdvwa%2Fvulnerabilities%2Ffi%2F%3Fpage%3D..%2F..%2F%2F..%2F%2F..%2F,PATH_TRAVERSAL,0,0.0
2025-12-31T06:20:30.023528Z,127.0.0.1,GET,https://www.google.com/complete/search?client=firefox&channel=fen&q=192.168.122.170%2Fdvwa%2Fvulnerabilities%2Ffi%2F%3Fpage%3D..%2F..%2F..%2F%2F..%2F,/complete/search?client=firefox&channel=fen&q=192.168.122.170%2Fdvwa%2Fvulnerabilities%2Ffi%2F%3Fpage%3D..%2F..%2F..%2F%2F..%2F,PATH_TRAVERSAL,0,0.0
2025-12-31T06:20:31.243680Z,127.0.0.1,GET,https://www.google.com/complete/search?client=firefox&channel=fen&q=192.168.122.170%2Fdvwa%2Fvulnerabilities%2Ffi%2F%3Fpage%3D..%2F..%2F..%2F..%2F,/complete/search?client=firefox&channel=fen&q=192.168.122.170%2Fdvwa%2Fvulnerabilities%2Ffi%2F%3Fpage%3D..%2F..%2F..%2F..%2F,PATH_TRAVERSAL,0,0.0
2025-12-31T06:20:36.032582Z,127.0.0.1,GET,https://www.google.com/complete/search?client=firefox&channel=fen&q=192.168.122.170%2Fdvwa%2Fvulnerabilities%2Ffi%2F%3Fpage%3D..%2F..%2F..%2F..%2F%2F,/complete/search?client=firefox&channel=fen&q=192.168.122.170%2Fdvwa%2Fvulnerabilities%2Ffi%2F%3Fpage%3D..%2F..%2F..%2F..%2F%2F,PATH_TRAVERSAL,0,0.0
2025-12-31T06:20:36.682551Z,127.0.0.1,GET,https://www.google.com/complete/search?client=firefox&channel=fen&q=192.168.122.170%2Fdvwa%2Fvulnerabilities%2Ffi%2F%3Fpage%3D..%2F..%2F..%2F..%2F,/complete/search?client=firefox&channel=fen&q=192.168.122.170%2Fdvwa%2Fvulnerabilities%2Ffi%2F%3Fpage%3D..%2F..%2F..%2F..%2F,PATH_TRAVERSAL,0,0.0
2025-12-31T06:20:38.889739Z,127.0.0.1,GET,https://www.google.com/complete/search?client=firefox&channel=fen&q=192.168.122.170%2Fdvwa%2Fvulnerabilities%2Ffi%2F%3Fpage%3D..%2F..%2F..%2F..%2Fp,/complete/search?client=firefox&channel=fen&q=192.168.122.170%2Fdvwa%2Fvulnerabilities%2Ffi%2F%3Fpage%3D..%2F..%2F..%2F..%2Fp,PATH_TRAVERSAL,0,0.0
2025-12-31T06:20:39.072081Z,127.0.0.1,GET,https://www.google.com/complete/search?client=firefox&channel=fen&q=192.168.122.170%2Fdvwa%2Fvulnerabilities%2Ffi%2F%3Fpage%3D..%2F..%2F..%2F..%2Fpw,/complete/search?client=firefox&channel=fen&q=192.168.122.170%2Fdvwa%2Fvulnerabilities%2Ffi%2F%3Fpage%3D..%2F..%2F..%2F..%2Fpw,PATH_TRAVERSAL,0,0.0
2025-12-31T06:20:39.274941Z,127.0.0.1,GET,https://www.google.com/complete/search?client=firefox&channel=fen&q=192.168.122.170%2Fdvwa%2Fvulnerabilities%2Ffi%2F%3Fpage%3D..%2F..%2F..%2F..%2Fpwd,/complete/search?client=firefox&channel=fen&q=192.168.122.170%2Fdvwa%2Fvulnerabilities%2Ffi%2F%3Fpage%3D..%2F..%2F..%2F..%2Fpwd,PATH_TRAVERSAL,0,0.0
2025-12-31T06:20:39.773836Z,127.0.0.1,GET,https://www.google.com/search?client=firefox-b-e&channel=entpr&q=192.168.122.170%2Fdvwa%2Fvulnerabilities%2Ffi%2F%3Fpage%3D..%2F..%2F..%2F..%2Fpwd,/search?client=firefox-b-e&channel=entpr&q=192.168.122.170%2Fdvwa%2Fvulnerabilities%2Ffi%2F%3Fpage%3D..%2F..%2F..%2F..%2Fpwd,PATH_TRAVERSAL,0,0.0
2025-12-31T06:21:12.249787Z,127.0.0.1,GET,http://192.168.122.170/dvwa/vulnerabilities/fi/?page=../../admin.php,/dvwa/vulnerabilities/fi/?page=../../admin.php,PATH_TRAVERSAL,0,0.0
2025-12-31T06:22:49.811153Z,127.0.0.1,GET,https://safebrowsing.googleapis.com/v4/threatListUpdates:fetch?$ct=application/x-protobuf&key=AIzaSyD3uzXks34szqk9WhKoFZypVPgdDbT3uPw&$httpMethod=POST&$req=ChUKE25hdmNsaWVudC1hdXRvLWZmb3gaJwgFEAIaGwoNCAUQBhgBIgMwMDEwARCflR4aAhgDq0II3SICIAIoARonCAEQAhobCg0IARAGGAEiAzAwMTABEIS8ExoCGANzySu7IgIgAigBGicIAxACGhsKDQgDEAYYASIDMDAxMAEQqrQTGgIYA2SaYtYiAiACKAEaJwgHEAIaGwoNCAcQBhgBIgMwMDEwARCiwBMaAhgDTxiSCSICIAIoARolCAkQAhoZCg0ICRAGGAEiAzAwMTABECQaAhgDhGZAriICIAIoAQ==,/v4/threatListUpdates:fetch?$ct=application/x-protobuf&key=AIzaSyD3uzXks34szqk9WhKoFZypVPgdDbT3uPw&$httpMethod=POST&$req=ChUKE25hdmNsaWVudC1hdXRvLWZmb3gaJwgFEAIaGwoNCAUQBhgBIgMwMDEwARCflR4aAhgDq0II3SICIAIoARonCAEQAhobCg0IARAGGAEiAzAwMTABEIS8ExoCGANzySu7IgIgAigBGicIAxACGhsKDQgDEAYYASIDMDAxMAEQqrQTGgIYA2SaYtYiAiACKAEaJwgHEAIaGwoNCAcQBhgBIgMwMDEwARCiwBMaAhgDTxiSCSICIAIoARolCAkQAhoZCg0ICRAGGAEiAzAwMTABECQaAhgDhGZAriICIAIoAQ==,NORMAL,0,0.0
2025-12-31T06:23:11.620440Z,127.0.0.1,GET,http://192.168.122.170/dvwa/vulnerabilities/csrf/,/dvwa/vulnerabilities/csrf/,NORMAL,0,0.0
2025-12-31T06:24:39.481564Z,127.0.0.1,GET,http://192.168.122.170/dvwa/vulnerabilities/csrf/?password_current=&password_new=&password_conf=&Change=Change,/dvwa/vulnerabilities/csrf/?password_current=&password_new=&password_conf=&Change=Change,NORMAL,0,0.0
2025-12-31T06:25:08.980071Z,127.0.0.1,GET,http://192.168.122.170/dvwa/vulnerabilities/csrf/?password_current=%3Cform+action%3D%22http%3A%2F%2F%3CDVWA_IP%3E%2Fdvwa%2Fvulnerabilities%2Fcsrf%2F%22+method%3D%22POST%22%3E+++++%3Cinput+type%3D%22hidden%22+name%3D%22user%22+value%3D%22attacker%22%3E+++++%3Cinput+type%3D%22submit%22+value%3D%22Submit%22%3E+%3C%2Fform%3E&password_new=%3Cform+action%3D%22http%3A%2F%2F%3CDVWA_IP%3E%2Fdvwa%2Fvulnerabilities%2Fcsrf%2F%22+method%3D%22POST%22%3E+++++%3Cinput+type%3D%22hidden%22+name%3D%22user%22+value%3D%22attacker%22%3E+++++%3Cinput+type%3D%22submit%22+value%3D%22Submit%22%3E+%3C%2Fform%3E&password_conf=%3Cform+action%3D%22http%3A%2F%2F%3CDVWA_IP%3E%2Fdvwa%2Fvulnerabilities%2Fcsrf%2F%22+method%3D%22POST%22%3E+++++%3Cinput+type%3D%22hidden%22+name%3D%22user%22+value%3D%22attacker%22%3E+++++%3Cinput+type%3D%22submit%22+value%3D%22Submit%22%3E+%3C%2Fform%3E&Change=Change,/dvwa/vulnerabilities/csrf/?password_current=%3Cform+action%3D%22http%3A%2F%2F%3CDVWA_IP%3E%2Fdvwa%2Fvulnerabilities%2Fcsrf%2F%22+method%3D%22POST%22%3E+++++%3Cinput+type%3D%22hidden%22+name%3D%22user%22+value%3D%22attacker%22%3E+++++%3Cinput+type%3D%22submit%22+value%3D%22Submit%22%3E+%3C%2Fform%3E&password_new=%3Cform+action%3D%22http%3A%2F%2F%3CDVWA_IP%3E%2Fdvwa%2Fvulnerabilities%2Fcsrf%2F%22+method%3D%22POST%22%3E+++++%3Cinput+type%3D%22hidden%22+name%3D%22user%22+value%3D%22attacker%22%3E+++++%3Cinput+type%3D%22submit%22+value%3D%22Submit%22%3E+%3C%2Fform%3E&password_conf=%3Cform+action%3D%22http%3A%2F%2F%3CDVWA_IP%3E%2Fdvwa%2Fvulnerabilities%2Fcsrf%2F%22+method%3D%22POST%22%3E+++++%3Cinput+type%3D%22hidden%22+name%3D%22user%22+value%3D%22attacker%22%3E+++++%3Cinput+type%3D%22submit%22+value%3D%22Submit%22%3E+%3C%2Fform%3E&Change=Change,NORMAL,0,0.0
2025-12-31T06:25:36.851663Z,127.0.0.1,GET,http://192.168.122.170/dvwa/vulnerabilities/exec/,/dvwa/vulnerabilities/exec/,NORMAL,0,0.0
2025-12-31T06:25:44.003760Z,127.0.0.1,GET,http://192.168.122.170/dvwa/vulnerabilities/xss_s/,/dvwa/vulnerabilities/xss_s/,NORMAL,0,0.0
2025-12-31T06:25:48.930513Z,127.0.0.1,GET,http://192.168.122.170/dvwa/vulnerabilities/xss_r/,/dvwa/vulnerabilities/xss_r/,NORMAL,0,0.0
2025-12-31T06:25:52.179051Z,127.0.0.1,GET,http://192.168.122.170/dvwa/vulnerabilities/xss_r/?name=msfconsole,/dvwa/vulnerabilities/xss_r/?name=msfconsole,NORMAL,0,0.0
2025-12-31T06:26:48.929956Z,127.0.0.1,GET,http://192.168.122.170/dvwa/vulnerabilities/xss_r/?name=msfconsole+use+auxiliary%2Fscanner%2Fhttp%2Fdvwa_xss+set+RHOST+%3CDVWA_IP%3E+set+TARGETURI+%2Fdvwa%2Fvulnerabilities%2Fxss%2F+run,/dvwa/vulnerabilities/xss_r/?name=msfconsole+use+auxiliary%2Fscanner%2Fhttp%2Fdvwa_xss+set+RHOST+%3CDVWA_IP%3E+set+TARGETURI+%2Fdvwa%2Fvulnerabilities%2Fxss%2F+run,NORMAL,0,0.0
2025-12-31T06:26:58.602828Z,127.0.0.1,GET,http://192.168.122.170/dvwa/vulnerabilities/xss_r/?name=%3Bls,/dvwa/vulnerabilities/xss_r/?name=%3Bls,COMMAND_INJECTION,0,0.0
2025-12-31T06:28:12.338303Z,127.0.0.1,GET,http://192.168.122.170/dvwa/vulnerabilities/sqli/,/dvwa/vulnerabilities/sqli/,NORMAL,0,0.0
2025-12-31T06:28:30.881709Z,127.0.0.1,GET,http://192.168.122.170/dvwa/vulnerabilities/sqli/?id=1%20OR%201=1,/dvwa/vulnerabilities/sqli/?id=1%20OR%201=1,SQL_INJECTION,0,0.0
2025-12-31T06:28:43.359952Z,127.0.0.1,GET,http://192.168.122.170/dvwa/vulnerabilities/exec/,/dvwa/vulnerabilities/exec/,NORMAL,0,0.0
2025-12-31T06:28:46.073795Z,127.0.0.1,POST,http://192.168.122.170/dvwa/vulnerabilities/exec/,/dvwa/vulnerabilities/exec/,COMMAND_INJECTION,22,3.573
2025-12-31T06:28:58.921806Z,127.0.0.1,GET,http://192.168.122.170/dvwa/vulnerabilities/xss_r/,/dvwa/vulnerabilities/xss_r/,NORMAL,0,0.0
2025-12-31T06:29:01.751639Z,127.0.0.1,GET,http://192.168.122.170/dvwa/vulnerabilities/xss_r/?name=%3Cscript%3Ealert%281%29%3C%2Fscript%3E,/dvwa/vulnerabilities/xss_r/?name=%3Cscript%3Ealert%281%29%3C%2Fscript%3E,XSS,0,0.0
2025-12-31T06:29:05.506445Z,127.0.0.1,GET,http://192.168.122.170/dvwa/vulnerabilities/xss_s/,/dvwa/vulnerabilities/xss_s/,NORMAL,0,0.0
2025-12-31T06:29:05.614289Z,127.0.0.1,GET,http://192.168.122.170/dvwa/dvwa/css/main.css,/dvwa/dvwa/css/main.css,NORMAL,0,0.0
2025-12-31T06:29:05.632007Z,127.0.0.1,GET,http://192.168.122.170/dvwa/dvwa/js/dvwaPage.js,/dvwa/dvwa/js/dvwaPage.js,NORMAL,0,0.0
2025-12-31T06:29:05.657625Z,127.0.0.1,GET,http://192.168.122.170/dvwa/dvwa/images/logo.png,/dvwa/dvwa/images/logo.png,NORMAL,0,0.0
2025-12-31T06:29:12.040884Z,127.0.0.1,POST,http://192.168.122.170/dvwa/vulnerabilities/xss_s/,/dvwa/vulnerabilities/xss_s/,XSS,102,4.801
2025-12-31T06:29:13.592775Z,127.0.0.1,GET,http://192.168.122.170/dvwa/vulnerabilities/xss_s/,/dvwa/vulnerabilities/xss_s/,NORMAL,0,0.0
2025-12-31T06:30:16.819457Z,127.0.0.1,GET,https://contile.services.mozilla.com/v1/tiles,/v1/tiles,NORMAL,0,0.0
2025-12-31T06:31:03.073589Z,127.0.0.1,GET,http://detectportal.firefox.com/success.txt?ipv4,/success.txt?ipv4,NORMAL,0,0.0
2025-12-31T06:31:03.074194Z,127.0.0.1,GET,http://detectportal.firefox.com/success.txt?ipv6,/success.txt?ipv6,NORMAL,0,0.0
2025-12-31T06:31:03.077820Z,127.0.0.1,GET,http://detectportal.firefox.com/success.txt?ipv4,/success.txt?ipv4,NORMAL,0,0.0
2025-12-31T06:31:03.078443Z,127.0.0.1,GET,http://detectportal.firefox.com/success.txt?ipv6,/success.txt?ipv6,NORMAL,0,0.0
2025-12-31T07:11:03.785804Z,127.0.0.1,GET,http://detectportal.firefox.com/success.txt?ipv4,/success.txt?ipv4,NORMAL,0,0.0
2025-12-31T07:11:03.800648Z,127.0.0.1,GET,http://detectportal.firefox.com/success.txt?ipv6,/success.txt?ipv6,NORMAL,0,0.0
2025-12-31T07:11:10.692050Z,127.0.0.1,GET,http://detectportal.firefox.com/success.txt?ipv4,/success.txt?ipv4,NORMAL,0,0.0
2025-12-31T07:11:10.696374Z,127.0.0.1,GET,http://detectportal.firefox.com/success.txt?ipv6,/success.txt?ipv6,NORMAL,0,0.0
2025-12-31T07:11:10.703066Z,127.0.0.1,GET,http://detectportal.firefox.com/success.txt?ipv4,/success.txt?ipv4,NORMAL,0,0.0
2025-12-31T07:11:10.703913Z,127.0.0.1,GET,http://detectportal.firefox.com/success.txt?ipv6,/success.txt?ipv6,NORMAL,0,0.0
2025-12-31T07:11:11.866467Z,127.0.0.1,GET,http://detectportal.firefox.com/success.txt?ipv4,/success.txt?ipv4,NORMAL,0,0.0
2025-12-31T07:11:11.867777Z,127.0.0.1,GET,http://detectportal.firefox.com/success.txt?ipv6,/success.txt?ipv6,NORMAL,0,0.0
2025-12-31T07:11:25.894585Z,127.0.0.1,GET,https://push.services.mozilla.com/,/,NORMAL,0,0.0
2025-12-31T07:11:26.423738Z,127.0.0.1,GET,https://firefox.settings.services.mozilla.com/v1/buckets/monitor/collections/changes/changeset?_expected=%221767162980653%22,/v1/buckets/monitor/collections/changes/changeset?_expected=%221767162980653%22,NORMAL,0,0.0
2025-12-31T07:11:26.465420Z,127.0.0.1,GET,https://firefox.settings.services.mozilla.com/v1/buckets/blocklists/collections/addons-bloomfilters/changeset?_expected=1767162980653&_since=%221767141390637%22,/v1/buckets/blocklists/collections/addons-bloomfilters/changeset?_expected=1767162980653&_since=%221767141390637%22,NORMAL,0,0.0
2025-12-31T07:11:26.561985Z,127.0.0.1,GET,https://content-signature-2.cdn.mozilla.net/g/chains/202402/remote-settings.content-signature.mozilla.org-2026-02-16-09-44-35.chain,/g/chains/202402/remote-settings.content-signature.mozilla.org-2026-02-16-09-44-35.chain,NORMAL,0,0.0
2025-12-31T07:13:45.010975Z,127.0.0.1,GET,http://192.168.122.170/dvwa/,/dvwa/,NORMAL,0,0.0
2025-12-31T07:13:56.972773Z,127.0.0.1,GET,http://192.168.122.170/dvwa/,/dvwa/,NORMAL,0,0.0
2025-12-31T07:14:21.173542Z,127.0.0.1,GET,http://192.168.122.170/admin.php,/admin.php,NORMAL,0,0.0
2025-12-31T07:15:16.101235Z,127.0.0.1,GET,https://contile.services.mozilla.com/v1/tiles,/v1/tiles,NORMAL,0,0.0
2025-12-31T07:15:16.450428Z,127.0.0.1,GET,https://ads-img.mozilla.org/v1/images?image_data=CnAKbmh0dHBzOi8vYW1wLWFzc2V0LjQ1dHUxYzAuY29tL2Fzc2V0cy8xNTEwLzkxMDQ3YjljZjc2Zjc2ODg2NDU0YTkyMjU2MjE2OWY1NjFjNWZjNmVjMmYwNTIyODY3ZmFmOTA2YWNjODNiYTUuanBnEiBK_o14qwRVyli0nNF97wJnXbBPH2oC-VwNbl_VD00mrQ,/v1/images?image_data=CnAKbmh0dHBzOi8vYW1wLWFzc2V0LjQ1dHUxYzAuY29tL2Fzc2V0cy8xNTEwLzkxMDQ3YjljZjc2Zjc2ODg2NDU0YTkyMjU2MjE2OWY1NjFjNWZjNmVjMmYwNTIyODY3ZmFmOTA2YWNjODNiYTUuanBnEiBK_o14qwRVyli0nNF97wJnXbBPH2oC-VwNbl_VD00mrQ,NORMAL,0,0.0
2025-12-31T07:16:48.791499Z,127.0.0.1,GET,http://192.168.122.170/dvwa/vulnerabilities/sqli/?id=,/dvwa/vulnerabilities/sqli/?id=,NORMAL,0,0.0
2025-12-31T07:19:13.268462Z,127.0.0.1,GET,http://192.168.122.170/dvwa/,/dvwa/,NORMAL,0,0.0
2025-12-31T07:19:13.298851Z,127.0.0.1,GET,http://192.168.122.170/dvwa/,/dvwa/,NORMAL,0,0.0
2025-12-31T07:19:13.326079Z,127.0.0.1,GET,http://192.168.122.170/dvwa/,/dvwa/,NORMAL,0,0.0
2025-12-31T07:19:13.355624Z,127.0.0.1,GET,http://192.168.122.170/dvwa/,/dvwa/,NORMAL,0,0.0
2025-12-31T07:19:13.383847Z,127.0.0.1,GET,http://192.168.122.170/dvwa/,/dvwa/,NORMAL,0,0.0
2025-12-31T07:19:13.419514Z,127.0.0.1,GET,http://192.168.122.170/dvwa/,/dvwa/,NORMAL,0,0.0
2025-12-31T07:19:13.449301Z,127.0.0.1,GET,http://192.168.122.170/dvwa/,/dvwa/,NORMAL,0,0.0
2025-12-31T07:19:13.477759Z,127.0.0.1,GET,http://192.168.122.170/dvwa/,/dvwa/,NORMAL,0,0.0
2025-12-31T07:19:13.505753Z,127.0.0.1,GET,http://192.168.122.170/dvwa/,/dvwa/,NORMAL,0,0.0
2025-12-31T07:19:13.537101Z,127.0.0.1,GET,http://192.168.122.170/dvwa/,/dvwa/,NORMAL,0,0.0
2025-12-31T07:19:13.573982Z,127.0.0.1,GET,http://192.168.122.170/dvwa/,/dvwa/,NORMAL,0,0.0
2025-12-31T07:19:13.604955Z,127.0.0.1,GET,http://192.168.122.170/dvwa/,/dvwa/,NORMAL,0,0.0
2025-12-31T07:19:13.632779Z,127.0.0.1,GET,http://192.168.122.170/dvwa/,/dvwa/,NORMAL,0,0.0
2025-12-31T07:19:13.666376Z,127.0.0.1,GET,http://192.168.122.170/dvwa/,/dvwa/,NORMAL,0,0.0
2025-12-31T07:19:13.694593Z,127.0.0.1,GET,http://192.168.122.170/dvwa/,/dvwa/,NORMAL,0,0.0
2025-12-31T07:19:13.727181Z,127.0.0.1,GET,http://192.168.122.170/dvwa/,/dvwa/,NORMAL,0,0.0
2025-12-31T07:19:13.756658Z,127.0.0.1,GET,http://192.168.122.170/dvwa/,/dvwa/,NORMAL,0,0.0
2025-12-31T07:19:13.784304Z,127.0.0.1,GET,http://192.168.122.170/dvwa/,/dvwa/,NORMAL,0,0.0
2025-12-31T07:19:13.814032Z,127.0.0.1,GET,http://192.168.122.170/dvwa/,/dvwa/,NORMAL,0,0.0
2025-12-31T07:19:13.842332Z,127.0.0.1,GET,http://192.168.122.170/dvwa/,/dvwa/,NORMAL,0,0.0
2025-12-31T07:19:13.872187Z,127.0.0.1,GET,http://192.168.122.170/dvwa/,/dvwa/,NORMAL,0,0.0
2025-12-31T07:19:13.906280Z,127.0.0.1,GET,http://192.168.122.170/dvwa/,/dvwa/,NORMAL,0,0.0
2025-12-31T07:19:13.939455Z,127.0.0.1,GET,http://192.168.122.170/dvwa/,/dvwa/,NORMAL,0,0.0
2025-12-31T07:19:13.970359Z,127.0.0.1,GET,http://192.168.122.170/dvwa/,/dvwa/,NORMAL,0,0.0
2025-12-31T07:19:13.999110Z,127.0.0.1,GET,http://192.168.122.170/dvwa/,/dvwa/,NORMAL,0,0.0
2025-12-31T07:19:14.029067Z,127.0.0.1,GET,http://192.168.122.170/dvwa/,/dvwa/,NORMAL,0,0.0
2025-12-31T07:19:14.061314Z,127.0.0.1,GET,http://192.168.122.170/dvwa/,/dvwa/,NORMAL,0,0.0
2025-12-31T07:19:14.092763Z,127.0.0.1,GET,http://192.168.122.170/dvwa/,/dvwa/,NORMAL,0,0.0
2025-12-31T07:19:14.119971Z,127.0.0.1,GET,http://192.168.122.170/dvwa/,/dvwa/,NORMAL,0,0.0
2025-12-31T07:19:14.148060Z,127.0.0.1,GET,http://192.168.122.170/dvwa/,/dvwa/,NORMAL,0,0.0
2025-12-31T07:19:14.177569Z,127.0.0.1,GET,http://192.168.122.170/dvwa/,/dvwa/,NORMAL,0,0.0
2025-12-31T07:19:14.205680Z,127.0.0.1,GET,http://192.168.122.170/dvwa/,/dvwa/,NORMAL,0,0.0
2025-12-31T07:19:14.235016Z,127.0.0.1,GET,http://192.168.122.170/dvwa/,/dvwa/,NORMAL,0,0.0
2025-12-31T07:19:14.262248Z,127.0.0.1,GET,http://192.168.122.170/dvwa/,/dvwa/,NORMAL,0,0.0
2025-12-31T07:19:14.293117Z,127.0.0.1,GET,http://192.168.122.170/dvwa/,/dvwa/,NORMAL,0,0.0
2025-12-31T07:19:14.321715Z,127.0.0.1,GET,http://192.168.122.170/dvwa/,/dvwa/,NORMAL,0,0.0
2025-12-31T07:19:14.349945Z,127.0.0.1,GET,http://192.168.122.170/dvwa/,/dvwa/,NORMAL,0,0.0
2025-12-31T07:19:14.378359Z,127.0.0.1,GET,http://192.168.122.170/dvwa/,/dvwa/,NORMAL,0,0.0
2025-12-31T07:19:14.407458Z,127.0.0.1,GET,http://192.168.122.170/dvwa/,/dvwa/,NORMAL,0,0.0
2025-12-31T07:19:14.437002Z,127.0.0.1,GET,http://192.168.122.170/dvwa/,/dvwa/,NORMAL,0,0.0
2025-12-31T07:19:14.467248Z,127.0.0.1,GET,http://192.168.122.170/dvwa/,/dvwa/,NORMAL,0,0.0
2025-12-31T07:19:14.495746Z,127.0.0.1,GET,http://192.168.122.170/dvwa/,/dvwa/,NORMAL,0,0.0
2025-12-31T07:19:14.525335Z,127.0.0.1,GET,http://192.168.122.170/dvwa/,/dvwa/,NORMAL,0,0.0
2025-12-31T07:19:14.554546Z,127.0.0.1,GET,http://192.168.122.170/dvwa/,/dvwa/,NORMAL,0,0.0
2025-12-31T07:19:14.587788Z,127.0.0.1,GET,http://192.168.122.170/dvwa/,/dvwa/,NORMAL,0,0.0
2025-12-31T07:19:14.615526Z,127.0.0.1,GET,http://192.168.122.170/dvwa/,/dvwa/,NORMAL,0,0.0
2025-12-31T07:19:14.645036Z,127.0.0.1,GET,http://192.168.122.170/dvwa/,/dvwa/,NORMAL,0,0.0
2025-12-31T07:19:14.673725Z,127.0.0.1,GET,http://192.168.122.170/dvwa/,/dvwa/,NORMAL,0,0.0
2025-12-31T07:19:14.702025Z,127.0.0.1,GET,http://192.168.122.170/dvwa/,/dvwa/,NORMAL,0,0.0
2025-12-31T07:19:14.730840Z,127.0.0.1,GET,http://192.168.122.170/dvwa/,/dvwa/,NORMAL,0,0.0
2025-12-31T07:26:04.940352Z,127.0.0.1,GET,http://192.168.122.170/dvwa/,/dvwa/,NORMAL,0,0.0
2025-12-31T07:26:04.980473Z,127.0.0.1,GET,http://192.168.122.170/dvwa/,/dvwa/,NORMAL,0,0.0
2025-12-31T07:26:05.009351Z,127.0.0.1,GET,http://192.168.122.170/dvwa/,/dvwa/,NORMAL,0,0.0
2025-12-31T07:26:05.036908Z,127.0.0.1,GET,http://192.168.122.170/dvwa/,/dvwa/,NORMAL,0,0.0
2025-12-31T07:26:05.068761Z,127.0.0.1,GET,http://192.168.122.170/dvwa/,/dvwa/,NORMAL,0,0.0
2025-12-31T07:26:05.102272Z,127.0.0.1,GET,http://192.168.122.170/dvwa/,/dvwa/,NORMAL,0,0.0
2025-12-31T07:26:05.136717Z,127.0.0.1,GET,http://192.168.122.170/dvwa/,/dvwa/,NORMAL,0,0.0
2025-12-31T07:26:05.171243Z,127.0.0.1,GET,http://192.168.122.170/dvwa/,/dvwa/,NORMAL,0,0.0
2025-12-31T07:26:05.202060Z,127.0.0.1,GET,http://192.168.122.170/dvwa/,/dvwa/,NORMAL,0,0.0
2025-12-31T07:26:05.236520Z,127.0.0.1,GET,http://192.168.122.170/dvwa/,/dvwa/,NORMAL,0,0.0
2025-12-31T07:26:05.265358Z,127.0.0.1,GET,http://192.168.122.170/dvwa/,/dvwa/,NORMAL,0,0.0
2025-12-31T07:26:05.293763Z,127.0.0.1,GET,http://192.168.122.170/dvwa/,/dvwa/,NORMAL,0,0.0
2025-12-31T07:26:05.323192Z,127.0.0.1,GET,http://192.168.122.170/dvwa/,/dvwa/,NORMAL,0,0.0
2025-12-31T07:26:05.354599Z,127.0.0.1,GET,http://192.168.122.170/dvwa/,/dvwa/,NORMAL,0,0.0
2025-12-31T07:26:05.385963Z,127.0.0.1,GET,http://192.168.122.170/dvwa/,/dvwa/,NORMAL,0,0.0
2025-12-31T07:26:05.420803Z,127.0.0.1,GET,http://192.168.122.170/dvwa/,/dvwa/,NORMAL,0,0.0
2025-12-31T07:26:05.450579Z,127.0.0.1,GET,http://192.168.122.170/dvwa/,/dvwa/,NORMAL,0,0.0
2025-12-31T07:26:05.482213Z,127.0.0.1,GET,http://192.168.122.170/dvwa/,/dvwa/,NORMAL,0,0.0
2025-12-31T07:26:05.511870Z,127.0.0.1,GET,http://192.168.122.170/dvwa/,/dvwa/,NORMAL,0,0.0
2025-12-31T07:26:05.540901Z,127.0.0.1,GET,http://192.168.122.170/dvwa/,/dvwa/,NORMAL,0,0.0
2025-12-31T07:26:05.570312Z,127.0.0.1,GET,http://192.168.122.170/dvwa/,/dvwa/,NORMAL,0,0.0
2025-12-31T07:26:05.599274Z,127.0.0.1,GET,http://192.168.122.170/dvwa/,/dvwa/,NORMAL,0,0.0
2025-12-31T07:26:05.628925Z,127.0.0.1,GET,http://192.168.122.170/dvwa/,/dvwa/,NORMAL,0,0.0
2025-12-31T07:26:05.657800Z,127.0.0.1,GET,http://192.168.122.170/dvwa/,/dvwa/,NORMAL,0,0.0
2025-12-31T07:26:05.687385Z,127.0.0.1,GET,http://192.168.122.170/dvwa/,/dvwa/,NORMAL,0,0.0
2025-12-31T07:26:05.718136Z,127.0.0.1,GET,http://192.168.122.170/dvwa/,/dvwa/,NORMAL,0,0.0
2025-12-31T07:26:05.749808Z,127.0.0.1,GET,http://192.168.122.170/dvwa/,/dvwa/,NORMAL,0,0.0
2025-12-31T07:26:05.778867Z,127.0.0.1,GET,http://192.168.122.170/dvwa/,/dvwa/,NORMAL,0,0.0
2025-12-31T07:26:05.809501Z,127.0.0.1,GET,http://192.168.122.170/dvwa/,/dvwa/,NORMAL,0,0.0
2025-12-31T07:26:05.840560Z,127.0.0.1,GET,http://192.168.122.170/dvwa/,/dvwa/,NORMAL,0,0.0
2025-12-31T07:26:05.872165Z,127.0.0.1,GET,http://192.168.122.170/dvwa/,/dvwa/,NORMAL,0,0.0
2025-12-31T07:26:05.900796Z,127.0.0.1,GET,http://192.168.122.170/dvwa/,/dvwa/,NORMAL,0,0.0
2025-12-31T07:26:05.929155Z,127.0.0.1,GET,http://192.168.122.170/dvwa/,/dvwa/,NORMAL,0,0.0
2025-12-31T07:26:05.960120Z,127.0.0.1,GET,http://192.168.122.170/dvwa/,/dvwa/,NORMAL,0,0.0
2025-12-31T07:26:05.991011Z,127.0.0.1,GET,http://192.168.122.170/dvwa/,/dvwa/,NORMAL,0,0.0
2025-12-31T07:26:06.019587Z,127.0.0.1,GET,http://192.168.122.170/dvwa/,/dvwa/,NORMAL,0,0.0
2025-12-31T07:26:06.047883Z,127.0.0.1,GET,http://192.168.122.170/dvwa/,/dvwa/,NORMAL,0,0.0
2025-12-31T07:26:06.083867Z,127.0.0.1,GET,http://192.168.122.170/dvwa/,/dvwa/,NORMAL,0,0.0
2025-12-31T07:26:06.119291Z,127.0.0.1,GET,http://192.168.122.170/dvwa/,/dvwa/,NORMAL,0,0.0
2025-12-31T07:26:06.151644Z,127.0.0.1,GET,http://192.168.122.170/dvwa/,/dvwa/,NORMAL,0,0.0
2025-12-31T07:26:06.179174Z,127.0.0.1,GET,http://192.168.122.170/dvwa/,/dvwa/,NORMAL,0,0.0
2025-12-31T07:26:06.209188Z,127.0.0.1,GET,http://192.168.122.170/dvwa/,/dvwa/,NORMAL,0,0.0
2025-12-31T07:26:06.242552Z,127.0.0.1,GET,http://192.168.122.170/dvwa/,/dvwa/,NORMAL,0,0.0
2025-12-31T07:26:06.273063Z,127.0.0.1,GET,http://192.168.122.170/dvwa/,/dvwa/,NORMAL,0,0.0
2025-12-31T07:26:06.301715Z,127.0.0.1,GET,http://192.168.122.170/dvwa/,/dvwa/,NORMAL,0,0.0
2025-12-31T07:26:06.331218Z,127.0.0.1,GET,http://192.168.122.170/dvwa/,/dvwa/,NORMAL,0,0.0
2025-12-31T07:26:06.360449Z,127.0.0.1,GET,http://192.168.122.170/dvwa/,/dvwa/,NORMAL,0,0.0
2025-12-31T07:26:06.389383Z,127.0.0.1,GET,http://192.168.122.170/dvwa/,/dvwa/,NORMAL,0,0.0
2025-12-31T07:26:06.421685Z,127.0.0.1,GET,http://192.168.122.170/dvwa/,/dvwa/,NORMAL,0,0.0
2025-12-31T07:26:06.452462Z,127.0.0.1,GET,http://192.168.122.170/dvwa/,/dvwa/,NORMAL,0,0.0
2025-12-31T07:26:06.481589Z,127.0.0.1,GET,http://192.168.122.170/dvwa/,/dvwa/,DDOS,0,0.0
2025-12-31T07:26:06.495929Z,127.0.0.1,GET,http://192.168.122.170/dvwa/,/dvwa/,DDOS,0,0.0
2025-12-31T07:26:06.511944Z,127.0.0.1,GET,http://192.168.122.170/dvwa/,/dvwa/,DDOS,0,0.0
2025-12-31T07:26:06.528164Z,127.0.0.1,GET,http://192.168.122.170/dvwa/,/dvwa/,DDOS,0,0.0
2025-12-31T07:26:06.546224Z,127.0.0.1,GET,http://192.168.122.170/dvwa/,/dvwa/,DDOS,0,0.0
2025-12-31T07:26:06.563100Z,127.0.0.1,GET,http://192.168.122.170/dvwa/,/dvwa/,DDOS,0,0.0
2025-12-31T07:26:06.580591Z,127.0.0.1,GET,http://192.168.122.170/dvwa/,/dvwa/,DDOS,0,0.0
2025-12-31T07:26:06.595653Z,127.0.0.1,GET,http://192.168.122.170/dvwa/,/dvwa/,DDOS,0,0.0
2025-12-31T07:26:06.609622Z,127.0.0.1,GET,http://192.168.122.170/dvwa/,/dvwa/,DDOS,0,0.0
2025-12-31T07:26:06.623727Z,127.0.0.1,GET,http://192.168.122.170/dvwa/,/dvwa/,DDOS,0,0.0
2025-12-31T07:26:32.692219Z,127.0.0.1,GET,http://192.168.122.170/dvwa/,/dvwa/,DDOS,0,0.0
2025-12-31T07:26:32.707688Z,127.0.0.1,GET,http://192.168.122.170/dvwa/,/dvwa/,DDOS,0,0.0
2025-12-31T07:26:32.724963Z,127.0.0.1,GET,http://192.168.122.170/dvwa/,/dvwa/,DDOS,0,0.0
2025-12-31T07:26:32.739060Z,127.0.0.1,GET,http://192.168.122.170/dvwa/,/dvwa/,DDOS,0,0.0
2025-12-31T07:26:32.752394Z,127.0.0.1,GET,http://192.168.122.170/dvwa/,/dvwa/,DDOS,0,0.0
2025-12-31T07:26:32.766992Z,127.0.0.1,GET,http://192.168.122.170/dvwa/,/dvwa/,DDOS,0,0.0
2025-12-31T07:26:32.783470Z,127.0.0.1,GET,http://192.168.122.170/dvwa/,/dvwa/,DDOS,0,0.0
2025-12-31T07:26:32.798460Z,127.0.0.1,GET,http://192.168.122.170/dvwa/,/dvwa/,DDOS,0,0.0
2025-12-31T07:26:32.815950Z,127.0.0.1,GET,http://192.168.122.170/dvwa/,/dvwa/,DDOS,0,0.0
2025-12-31T07:26:32.831332Z,127.0.0.1,GET,http://192.168.122.170/dvwa/,/dvwa/,DDOS,0,0.0
2025-12-31T07:26:32.847792Z,127.0.0.1,GET,http://192.168.122.170/dvwa/,/dvwa/,DDOS,0,0.0
2025-12-31T07:26:32.861313Z,127.0.0.1,GET,http://192.168.122.170/dvwa/,/dvwa/,DDOS,0,0.0
2025-12-31T07:26:32.876440Z,127.0.0.1,GET,http://192.168.122.170/dvwa/,/dvwa/,DDOS,0,0.0
2025-12-31T07:26:32.893370Z,127.0.0.1,GET,http://192.168.122.170/dvwa/,/dvwa/,DDOS,0,0.0
2025-12-31T07:26:32.907922Z,127.0.0.1,GET,http://192.168.122.170/dvwa/,/dvwa/,DDOS,0,0.0
2025-12-31T07:26:32.924934Z,127.0.0.1,GET,http://192.168.122.170/dvwa/,/dvwa/,DDOS,0,0.0
2025-12-31T07:26:32.940095Z,127.0.0.1,GET,http://192.168.122.170/dvwa/,/dvwa/,DDOS,0,0.0
2025-12-31T07:26:32.956879Z,127.0.0.1,GET,http://192.168.122.170/dvwa/,/dvwa/,DDOS,0,0.0
2025-12-31T07:26:32.972600Z,127.0.0.1,GET,http://192.168.122.170/dvwa/,/dvwa/,DDOS,0,0.0
2025-12-31T07:26:32.989594Z,127.0.0.1,GET,http://192.168.122.170/dvwa/,/dvwa/,DDOS,0,0.0
2025-12-31T07:26:33.008223Z,127.0.0.1,GET,http://192.168.122.170/dvwa/,/dvwa/,DDOS,0,0.0
2025-12-31T07:26:33.024796Z,127.0.0.1,GET,http://192.168.122.170/dvwa/,/dvwa/,DDOS,0,0.0
2025-12-31T07:26:33.042338Z,127.0.0.1,GET,http://192.168.122.170/dvwa/,/dvwa/,DDOS,0,0.0
2025-12-31T07:26:33.063266Z,127.0.0.1,GET,http://192.168.122.170/dvwa/,/dvwa/,DDOS,0,0.0
2025-12-31T07:26:33.082931Z,127.0.0.1,GET,http://192.168.122.170/dvwa/,/dvwa/,DDOS,0,0.0
2025-12-31T07:26:33.103032Z,127.0.0.1,GET,http://192.168.122.170/dvwa/,/dvwa/,DDOS,0,0.0
2025-12-31T07:26:33.123326Z,127.0.0.1,GET,http://192.168.122.170/dvwa/,/dvwa/,DDOS,0,0.0
2025-12-31T07:26:33.138344Z,127.0.0.1,GET,http://192.168.122.170/dvwa/,/dvwa/,DDOS,0,0.0
2025-12-31T07:26:33.151757Z,127.0.0.1,GET,http://192.168.122.170/dvwa/,/dvwa/,DDOS,0,0.0
2025-12-31T07:26:33.169209Z,127.0.0.1,GET,http://192.168.122.170/dvwa/,/dvwa/,DDOS,0,0.0
2025-12-31T07:26:33.191983Z,127.0.0.1,GET,http://192.168.122.170/dvwa/,/dvwa/,DDOS,0,0.0
2025-12-31T07:26:33.212219Z,127.0.0.1,GET,http://192.168.122.170/dvwa/,/dvwa/,DDOS,0,0.0
2025-12-31T07:26:33.226272Z,127.0.0.1,GET,http://192.168.122.170/dvwa/,/dvwa/,DDOS,0,0.0
2025-12-31T07:26:33.244520Z,127.0.0.1,GET,http://192.168.122.170/dvwa/,/dvwa/,DDOS,0,0.0
2025-12-31T07:26:33.258802Z,127.0.0.1,GET,http://192.168.122.170/dvwa/,/dvwa/,DDOS,0,0.0
2025-12-31T07:26:33.278263Z,127.0.0.1,GET,http://192.168.122.170/dvwa/,/dvwa/,DDOS,0,0.0
2025-12-31T07:26:33.297302Z,127.0.0.1,GET,http://192.168.122.170/dvwa/,/dvwa/,DDOS,0,0.0
2025-12-31T07:26:33.312413Z,127.0.0.1,GET,http://192.168.122.170/dvwa/,/dvwa/,DDOS,0,0.0
2025-12-31T07:26:33.327254Z,127.0.0.1,GET,http://192.168.122.170/dvwa/,/dvwa/,DDOS,0,0.0
2025-12-31T07:26:33.344076Z,127.0.0.1,GET,http://192.168.122.170/dvwa/,/dvwa/,DDOS,0,0.0
2025-12-31T07:26:55.532368Z,127.0.0.1,GET,http://192.168.122.170/dvwa/,/dvwa/,DDOS,0,0.0
2025-12-31T07:26:55.550057Z,127.0.0.1,GET,http://192.168.122.170/dvwa/,/dvwa/,DDOS,0,0.0
2025-12-31T07:27:10.784073Z,127.0.0.1,GET,http://192.168.122.170/dvwa/,/dvwa/,DDOS,0,0.0
2025-12-31T07:27:12.872979Z,127.0.0.1,GET,http://192.168.122.170/dvwa/,/dvwa/,DDOS,0,0.0
2025-12-31T07:28:51.832440Z,127.0.0.1,GET,http://192.168.122.170/dvwa/vulnerabilities/csrf/,/dvwa/vulnerabilities/csrf/,NORMAL,0,0.0
2025-12-31T07:28:51.968740Z,127.0.0.1,GET,https://firefox.settings.services.mozilla.com/v1/buckets/main/collections/ms-language-packs/records/cfr-v1-en-US,/v1/buckets/main/collections/ms-language-packs/records/cfr-v1-en-US,NORMAL,0,0.0
2025-12-31T07:28:54.638420Z,127.0.0.1,GET,http://192.168.122.170/dvwa/vulnerabilities/sqli/,/dvwa/vulnerabilities/sqli/,NORMAL,0,0.0
2025-12-31T07:28:56.619653Z,127.0.0.1,GET,http://192.168.122.170/dvwa/vulnerabilities/sqli/?id=ls&Submit=Submit,/dvwa/vulnerabilities/sqli/?id=ls&Submit=Submit,NORMAL,0,0.0
2025-12-31T07:28:59.363675Z,127.0.0.1,GET,http://192.168.122.170/dvwa/vulnerabilities/sqli/?id=op&Submit=Submit,/dvwa/vulnerabilities/sqli/?id=op&Submit=Submit,NORMAL,0,0.0
2025-12-31T07:29:04.109675Z,127.0.0.1,GET,http://192.168.122.170/dvwa/vulnerabilities/sqli/?id=%3BDROP+TABLE&Submit=Submit,/dvwa/vulnerabilities/sqli/?id=%3BDROP+TABLE&Submit=Submit,COMMAND_INJECTION,0,0.0
2025-12-31T07:29:14.095320Z,127.0.0.1,GET,http://192.168.122.170/dvwa/,/dvwa/,NORMAL,0,0.0
2025-12-31T07:29:20.462976Z,127.0.0.1,GET,http://192.168.122.170/dvwa/,/dvwa/,NORMAL,0,0.0
2025-12-31T07:29:20.492545Z,127.0.0.1,GET,http://192.168.122.170/dvwa/,/dvwa/,NORMAL,0,0.0
2025-12-31T07:29:23.329629Z,127.0.0.1,GET,http://192.168.122.170/dvwa/,/dvwa/,NORMAL,0,0.0
2025-12-31T07:29:26.702777Z,127.0.0.1,GET,http://192.168.122.170/dvwa/,/dvwa/,NORMAL,0,0.0
2025-12-31T07:29:26.731878Z,127.0.0.1,GET,http://192.168.122.170/dvwa/,/dvwa/,NORMAL,0,0.0
2025-12-31T07:29:26.761899Z,127.0.0.1,GET,http://192.168.122.170/dvwa/,/dvwa/,NORMAL,0,0.0
2025-12-31T07:29:26.790019Z,127.0.0.1,GET,http://192.168.122.170/dvwa/,/dvwa/,NORMAL,0,0.0
2025-12-31T07:29:26.818670Z,127.0.0.1,GET,http://192.168.122.170/dvwa/,/dvwa/,NORMAL,0,0.0
2025-12-31T07:29:26.847604Z,127.0.0.1,GET,http://192.168.122.170/dvwa/,/dvwa/,NORMAL,0,0.0
2025-12-31T07:29:26.876510Z,127.0.0.1,GET,http://192.168.122.170/dvwa/,/dvwa/,NORMAL,0,0.0
2025-12-31T07:29:26.903730Z,127.0.0.1,GET,http://192.168.122.170/dvwa/,/dvwa/,NORMAL,0,0.0
2025-12-31T07:29:26.932256Z,127.0.0.1,GET,http://192.168.122.170/dvwa/,/dvwa/,NORMAL,0,0.0
2025-12-31T07:29:26.964906Z,127.0.0.1,GET,http://192.168.122.170/dvwa/,/dvwa/,NORMAL,0,0.0
2025-12-31T07:29:26.992750Z,127.0.0.1,GET,http://192.168.122.170/dvwa/,/dvwa/,NORMAL,0,0.0
2025-12-31T07:29:27.022257Z,127.0.0.1,GET,http://192.168.122.170/dvwa/,/dvwa/,NORMAL,0,0.0
2025-12-31T07:29:27.049483Z,127.0.0.1,GET,http://192.168.122.170/dvwa/,/dvwa/,NORMAL,0,0.0
2025-12-31T07:29:27.083588Z,127.0.0.1,GET,http://192.168.122.170/dvwa/,/dvwa/,NORMAL,0,0.0
2025-12-31T07:29:27.112112Z,127.0.0.1,GET,http://192.168.122.170/dvwa/,/dvwa/,NORMAL,0,0.0
2025-12-31T07:29:27.142212Z,127.0.0.1,GET,http://192.168.122.170/dvwa/,/dvwa/,NORMAL,0,0.0
2025-12-31T07:29:27.170051Z,127.0.0.1,GET,http://192.168.122.170/dvwa/,/dvwa/,NORMAL,0,0.0
2025-12-31T07:29:27.197380Z,127.0.0.1,GET,http://192.168.122.170/dvwa/,/dvwa/,NORMAL,0,0.0
2025-12-31T07:29:27.226875Z,127.0.0.1,GET,http://192.168.122.170/dvwa/,/dvwa/,NORMAL,0,0.0
2025-12-31T07:29:27.255769Z,127.0.0.1,GET,http://192.168.122.170/dvwa/,/dvwa/,NORMAL,0,0.0
2025-12-31T07:29:27.284283Z,127.0.0.1,GET,http://192.168.122.170/dvwa/,/dvwa/,NORMAL,0,0.0
2025-12-31T07:29:27.312847Z,127.0.0.1,GET,http://192.168.122.170/dvwa/,/dvwa/,NORMAL,0,0.0
2025-12-31T07:29:27.341562Z,127.0.0.1,GET,http://192.168.122.170/dvwa/,/dvwa/,NORMAL,0,0.0
2025-12-31T07:29:27.369658Z,127.0.0.1,GET,http://192.168.122.170/dvwa/,/dvwa/,NORMAL,0,0.0
2025-12-31T07:29:27.397461Z,127.0.0.1,GET,http://192.168.122.170/dvwa/,/dvwa/,NORMAL,0,0.0
2025-12-31T07:29:27.425900Z,127.0.0.1,GET,http://192.168.122.170/dvwa/,/dvwa/,NORMAL,0,0.0
2025-12-31T07:29:27.456452Z,127.0.0.1,GET,http://192.168.122.170/dvwa/,/dvwa/,NORMAL,0,0.0
2025-12-31T07:29:27.488695Z,127.0.0.1,GET,http://192.168.122.170/dvwa/,/dvwa/,NORMAL,0,0.0
2025-12-31T07:29:27.516869Z,127.0.0.1,GET,http://192.168.122.170/dvwa/,/dvwa/,NORMAL,0,0.0
2025-12-31T07:29:27.546516Z,127.0.0.1,GET,http://192.168.122.170/dvwa/,/dvwa/,NORMAL,0,0.0
2025-12-31T07:29:27.574481Z,127.0.0.1,GET,http://192.168.122.170/dvwa/,/dvwa/,NORMAL,0,0.0
2025-12-31T07:29:27.602705Z,127.0.0.1,GET,http://192.168.122.170/dvwa/,/dvwa/,NORMAL,0,0.0
2025-12-31T07:29:27.631378Z,127.0.0.1,GET,http://192.168.122.170/dvwa/,/dvwa/,NORMAL,0,0.0
2025-12-31T07:29:27.665320Z,127.0.0.1,GET,http://192.168.122.170/dvwa/,/dvwa/,NORMAL,0,0.0
2025-12-31T07:29:27.702661Z,127.0.0.1,GET,http://192.168.122.170/dvwa/,/dvwa/,NORMAL,0,0.0
2025-12-31T07:29:27.733042Z,127.0.0.1,GET,http://192.168.122.170/dvwa/,/dvwa/,NORMAL,0,0.0
2025-12-31T07:29:27.761000Z,127.0.0.1,GET,http://192.168.122.170/dvwa/,/dvwa/,NORMAL,0,0.0
2025-12-31T07:29:27.789267Z,127.0.0.1,GET,http://192.168.122.170/dvwa/,/dvwa/,NORMAL,0,0.0
2025-12-31T07:29:27.818356Z,127.0.0.1,GET,http://192.168.122.170/dvwa/,/dvwa/,NORMAL,0,0.0
2025-12-31T07:29:27.846099Z,127.0.0.1,GET,http://192.168.122.170/dvwa/,/dvwa/,NORMAL,0,0.0
2025-12-31T07:29:31.081772Z,127.0.0.1,GET,http://192.168.122.170/dvwa/,/dvwa/,DDOS,0,0.0
2025-12-31T07:29:31.103562Z,127.0.0.1,GET,http://192.168.122.170/dvwa/,/dvwa/,DDOS,0,0.0
2025-12-31T07:29:31.119735Z,127.0.0.1,GET,http://192.168.122.170/dvwa/,/dvwa/,DDOS,0,0.0
2025-12-31T07:29:31.136136Z,127.0.0.1,GET,http://192.168.122.170/dvwa/,/dvwa/,DDOS,0,0.0
2025-12-31T07:29:31.151487Z,127.0.0.1,GET,http://192.168.122.170/dvwa/,/dvwa/,DDOS,0,0.0
2025-12-31T07:29:31.166902Z,127.0.0.1,GET,http://192.168.122.170/dvwa/,/dvwa/,DDOS,0,0.0
2025-12-31T07:29:31.181873Z,127.0.0.1,GET,http://192.168.122.170/dvwa/,/dvwa/,DDOS,0,0.0
2025-12-31T07:29:31.201562Z,127.0.0.1,GET,http://192.168.122.170/dvwa/,/dvwa/,DDOS,0,0.0
2025-12-31T07:29:31.217925Z,127.0.0.1,GET,http://192.168.122.170/dvwa/,/dvwa/,DDOS,0,0.0
2025-12-31T07:29:31.233945Z,127.0.0.1,GET,http://192.168.122.170/dvwa/,/dvwa/,DDOS,0,0.0
2025-12-31T07:29:31.252718Z,127.0.0.1,GET,http://192.168.122.170/dvwa/,/dvwa/,DDOS,0,0.0
2025-12-31T07:29:31.268972Z,127.0.0.1,GET,http://192.168.122.170/dvwa/,/dvwa/,DDOS,0,0.0
2025-12-31T07:29:31.283658Z,127.0.0.1,GET,http://192.168.122.170/dvwa/,/dvwa/,DDOS,0,0.0
2025-12-31T07:29:31.299216Z,127.0.0.1,GET,http://192.168.122.170/dvwa/,/dvwa/,DDOS,0,0.0
2025-12-31T07:29:31.319132Z,127.0.0.1,GET,http://192.168.122.170/dvwa/,/dvwa/,DDOS,0,0.0
2025-12-31T07:29:31.334199Z,127.0.0.1,GET,http://192.168.122.170/dvwa/,/dvwa/,DDOS,0,0.0
2025-12-31T07:29:31.348252Z,127.0.0.1,GET,http://192.168.122.170/dvwa/,/dvwa/,DDOS,0,0.0
2025-12-31T07:29:31.361290Z,127.0.0.1,GET,http://192.168.122.170/dvwa/,/dvwa/,DDOS,0,0.0
2025-12-31T07:29:31.380834Z,127.0.0.1,GET,http://192.168.122.170/dvwa/,/dvwa/,DDOS,0,0.0
2025-12-31T07:29:31.399190Z,127.0.0.1,GET,http://192.168.122.170/dvwa/,/dvwa/,DDOS,0,0.0
2025-12-31T07:29:31.416713Z,127.0.0.1,GET,http://192.168.122.170/dvwa/,/dvwa/,DDOS,0,0.0
2025-12-31T07:29:31.429471Z,127.0.0.1,GET,http://192.168.122.170/dvwa/,/dvwa/,DDOS,0,0.0
2025-12-31T07:29:31.448374Z,127.0.0.1,GET,http://192.168.122.170/dvwa/,/dvwa/,DDOS,0,0.0
2025-12-31T07:29:31.462978Z,127.0.0.1,GET,http://192.168.122.170/dvwa/,/dvwa/,DDOS,0,0.0
2025-12-31T07:29:31.478403Z,127.0.0.1,GET,http://192.168.122.170/dvwa/,/dvwa/,DDOS,0,0.0
2025-12-31T07:29:31.494479Z,127.0.0.1,GET,http://192.168.122.170/dvwa/,/dvwa/,DDOS,0,0.0
2025-12-31T07:29:31.512221Z,127.0.0.1,GET,http://192.168.122.170/dvwa/,/dvwa/,DDOS,0,0.0
2025-12-31T07:29:31.529919Z,127.0.0.1,GET,http://192.168.122.170/dvwa/,/dvwa/,DDOS,0,0.0
2025-12-31T07:29:31.544748Z,127.0.0.1,GET,http://192.168.122.170/dvwa/,/dvwa/,DDOS,0,0.0
2025-12-31T07:29:31.558491Z,127.0.0.1,GET,http://192.168.122.170/dvwa/,/dvwa/,DDOS,0,0.0
2025-12-31T07:29:31.573345Z,127.0.0.1,GET,http://192.168.122.170/dvwa/,/dvwa/,DDOS,0,0.0
2025-12-31T07:29:31.594273Z,127.0.0.1,GET,http://192.168.122.170/dvwa/,/dvwa/,DDOS,0,0.0
2025-12-31T07:29:31.613245Z,127.0.0.1,GET,http://192.168.122.170/dvwa/,/dvwa/,DDOS,0,0.0
2025-12-31T07:29:31.631217Z,127.0.0.1,GET,http://192.168.122.170/dvwa/,/dvwa/,DDOS,0,0.0
2025-12-31T07:29:31.644014Z,127.0.0.1,GET,http://192.168.122.170/dvwa/,/dvwa/,DDOS,0,0.0
2025-12-31T07:29:31.662146Z,127.0.0.1,GET,http://192.168.122.170/dvwa/,/dvwa/,DDOS,0,0.0
2025-12-31T07:29:31.677794Z,127.0.0.1,GET,http://192.168.122.170/dvwa/,/dvwa/,DDOS,0,0.0
2025-12-31T07:29:31.691458Z,127.0.0.1,GET,http://192.168.122.170/dvwa/,/dvwa/,DDOS,0,0.0
2025-12-31T07:29:31.706315Z,127.0.0.1,GET,http://192.168.122.170/dvwa/,/dvwa/,DDOS,0,0.0
2025-12-31T07:29:31.726995Z,127.0.0.1,GET,http://192.168.122.170/dvwa/,/dvwa/,DDOS,0,0.0
2025-12-31T07:29:31.741568Z,127.0.0.1,GET,http://192.168.122.170/dvwa/,/dvwa/,DDOS,0,0.0
2025-12-31T07:29:31.765192Z,127.0.0.1,GET,http://192.168.122.170/dvwa/,/dvwa/,DDOS,0,0.0
2025-12-31T07:29:31.825665Z,127.0.0.1,GET,http://192.168.122.170/dvwa/,/dvwa/,DDOS,0,0.0
2025-12-31T07:29:31.879338Z,127.0.0.1,GET,http://192.168.122.170/dvwa/,/dvwa/,DDOS,0,0.0
2025-12-31T07:29:31.921198Z,127.0.0.1,GET,http://192.168.122.170/dvwa/,/dvwa/,DDOS,0,0.0
2025-12-31T07:29:31.945189Z,127.0.0.1,GET,http://192.168.122.170/dvwa/,/dvwa/,DDOS,0,0.0
2025-12-31T07:29:31.973906Z,127.0.0.1,GET,http://192.168.122.170/dvwa/,/dvwa/,DDOS,0,0.0
2025-12-31T07:29:31.994616Z,127.0.0.1,GET,http://192.168.122.170/dvwa/,/dvwa/,DDOS,0,0.0
2025-12-31T07:29:32.008891Z,127.0.0.1,GET,http://192.168.122.170/dvwa/,/dvwa/,DDOS,0,0.0
2025-12-31T07:29:32.023959Z,127.0.0.1,GET,http://192.168.122.170/dvwa/,/dvwa/,DDOS,0,0.0
2025-12-31T07:29:32.040966Z,127.0.0.1,GET,http://192.168.122.170/dvwa/,/dvwa/,DDOS,0,0.0
2025-12-31T07:29:32.058919Z,127.0.0.1,GET,http://192.168.122.170/dvwa/,/dvwa/,DDOS,0,0.0
2025-12-31T07:29:32.078968Z,127.0.0.1,GET,http://192.168.122.170/dvwa/,/dvwa/,DDOS,0,0.0
2025-12-31T07:29:32.092927Z,127.0.0.1,GET,http://192.168.122.170/dvwa/,/dvwa/,DDOS,0,0.0
2025-12-31T07:29:32.107327Z,127.0.0.1,GET,http://192.168.122.170/dvwa/,/dvwa/,DDOS,0,0.0
2025-12-31T07:29:32.125848Z,127.0.0.1,GET,http://192.168.122.170/dvwa/,/dvwa/,DDOS,0,0.0
2025-12-31T07:29:32.145690Z,127.0.0.1,GET,http://192.168.122.170/dvwa/,/dvwa/,DDOS,0,0.0
2025-12-31T07:29:32.162109Z,127.0.0.1,GET,http://192.168.122.170/dvwa/,/dvwa/,DDOS,0,0.0
2025-12-31T07:29:32.176148Z,127.0.0.1,GET,http://192.168.122.170/dvwa/,/dvwa/,DDOS,0,0.0
2025-12-31T07:29:32.190338Z,127.0.0.1,GET,http://192.168.122.170/dvwa/,/dvwa/,DDOS,0,0.0
2025-12-31T07:30:31.236448Z,127.0.0.1,GET,https://contile.services.mozilla.com/v1/tiles,/v1/tiles,DDOS,0,0.0
2025-12-31T07:33:09.204904Z,127.0.0.1,GET,https://safebrowsing.googleapis.com/v4/threatListUpdates:fetch?$ct=application/x-protobuf&key=AIzaSyD3uzXks34szqk9WhKoFZypVPgdDbT3uPw&$httpMethod=POST&$req=ChUKE25hdmNsaWVudC1hdXRvLWZmb3gaJwgFEAIaGwoNCAUQBhgBIgMwMDEwARCllR4aAhgDwbU6diICIAIoARonCAEQAhobCg0IARAGGAEiAzAwMTABEIu8ExoCGAOPUqjDIgIgAigBGicIAxACGhsKDQgDEAYYASIDMDAxMAEQsbQTGgIYA0SuddMiAiACKAEaJwgHEAIaGwoNCAcQBhgBIgMwMDEwARCnwBMaAhgDcNYC2CICIAIoARolCAkQAhoZCg0ICRAGGAEiAzAwMTABECQaAhgDhGZAriICIAIoAQ==,/v4/threatListUpdates:fetch?$ct=application/x-protobuf&key=AIzaSyD3uzXks34szqk9WhKoFZypVPgdDbT3uPw&$httpMethod=POST&$req=ChUKE25hdmNsaWVudC1hdXRvLWZmb3gaJwgFEAIaGwoNCAUQBhgBIgMwMDEwARCllR4aAhgDwbU6diICIAIoARonCAEQAhobCg0IARAGGAEiAzAwMTABEIu8ExoCGAOPUqjDIgIgAigBGicIAxACGhsKDQgDEAYYASIDMDAxMAEQsbQTGgIYA0SuddMiAiACKAEaJwgHEAIaGwoNCAcQBhgBIgMwMDEwARCnwBMaAhgDcNYC2CICIAIoARolCAkQAhoZCg0ICRAGGAEiAzAwMTABECQaAhgDhGZAriICIAIoAQ==,NORMAL,0,0.0
2025-12-31T07:36:58.155578Z,127.0.0.1,GET,http://192.168.122.170/dvwa/vulnerabilities/sqli/?id=%3BDROP+TABLE&Submit=Submit,/dvwa/vulnerabilities/sqli/?id=%3BDROP+TABLE&Submit=Submit,COMMAND_INJECTION,0,0.0
2025-12-31T07:37:16.088234Z,127.0.0.1,GET,http://192.168.122.170/dvwa/vulnerabilities/fi/?page=include.php,/dvwa/vulnerabilities/fi/?page=include.php,NORMAL,0,0.0
2025-12-31T07:37:17.460330Z,127.0.0.1,GET,http://192.168.122.170/dvwa/vulnerabilities/sqli/,/dvwa/vulnerabilities/sqli/,NORMAL,0,0.0
2025-12-31T07:37:19.293785Z,127.0.0.1,GET,http://192.168.122.170/dvwa/vulnerabilities/upload/,/dvwa/vulnerabilities/upload/,NORMAL,0,0.0
2025-12-31T07:37:24.316325Z,127.0.0.1,POST,http://192.168.122.170/dvwa/vulnerabilities/upload/,/dvwa/vulnerabilities/upload/,NORMAL,157609,7.929
2025-12-31T07:37:32.315487Z,127.0.0.1,POST,http://192.168.122.170/dvwa/vulnerabilities/upload/,/dvwa/vulnerabilities/upload/,FILE_UPLOAD_ABUSE,556,4.829
2025-12-31T07:41:38.157357Z,127.0.0.1,GET,http://192.168.122.170/dvwa/vulnerabilities/exec/,/dvwa/vulnerabilities/exec/,NORMAL,0,0.0
2025-12-31T07:42:08.649241Z,127.0.0.1,POST,http://192.168.122.170/dvwa/vulnerabilities/exec/,/dvwa/vulnerabilities/exec/,COMMAND_INJECTION,29,4.047
2025-12-31T07:42:12.272723Z,127.0.0.1,GET,http://192.168.122.170/dvwa/vulnerabilities/csrf/,/dvwa/vulnerabilities/csrf/,NORMAL,0,0.0
2025-12-31T07:42:15.826542Z,127.0.0.1,GET,http://192.168.122.170/dvwa/vulnerabilities/fi/?page=include.php,/dvwa/vulnerabilities/fi/?page=include.php,NORMAL,0,0.0
2025-12-31T07:42:28.999718Z,127.0.0.1,GET,http://192.168.122.170/dvwa/vulnerabilities/fi/?page=../../../admin.php,/dvwa/vulnerabilities/fi/?page=../../../admin.php,PATH_TRAVERSAL,0,0.0
2025-12-31T07:42:32.808784Z,127.0.0.1,GET,http://192.168.122.170/dvwa/vulnerabilities/sqli/,/dvwa/vulnerabilities/sqli/,NORMAL,0,0.0
2025-12-31T07:42:39.380191Z,127.0.0.1,GET,http://192.168.122.170/dvwa/vulnerabilities/sqli/?id=%27+OR+1%3D1+--&Submit=Submit,/dvwa/vulnerabilities/sqli/?id=%27+OR+1%3D1+--&Submit=Submit,SQL_INJECTION,0,0.0
2025-12-31T07:42:42.536232Z,127.0.0.1,GET,http://192.168.122.170/dvwa/vulnerabilities/sqli_blind/,/dvwa/vulnerabilities/sqli_blind/,NORMAL,0,0.0
2025-12-31T07:42:47.071900Z,127.0.0.1,GET,http://192.168.122.170/dvwa/vulnerabilities/sqli_blind/?id=%3BDROP+TABLE&Submit=Submit,/dvwa/vulnerabilities/sqli_blind/?id=%3BDROP+TABLE&Submit=Submit,COMMAND_INJECTION,0,0.0
2025-12-31T07:42:50.157061Z,127.0.0.1,GET,http://192.168.122.170/dvwa/vulnerabilities/upload/,/dvwa/vulnerabilities/upload/,NORMAL,0,0.0
2025-12-31T07:42:55.345111Z,127.0.0.1,POST,http://192.168.122.170/dvwa/vulnerabilities/upload/,/dvwa/vulnerabilities/upload/,NORMAL,154472,7.917
2025-12-31T07:43:00.058643Z,127.0.0.1,POST,http://192.168.122.170/dvwa/vulnerabilities/upload/,/dvwa/vulnerabilities/upload/,FILE_UPLOAD_ABUSE,545,4.776
2025-12-31T07:43:03.592676Z,127.0.0.1,GET,http://192.168.122.170/dvwa/vulnerabilities/xss_r/,/dvwa/vulnerabilities/xss_r/,NORMAL,0,0.0
2025-12-31T07:43:10.487748Z,127.0.0.1,GET,http://192.168.122.170/dvwa/vulnerabilities/xss_r/?name=hello,/dvwa/vulnerabilities/xss_r/?name=hello,NORMAL,0,0.0
2025-12-31T07:43:17.435166Z,127.0.0.1,GET,http://192.168.122.170/dvwa/vulnerabilities/xss_r/?name=%3Cscript%3Ealert%281%29%3C%2Fscript%3E,/dvwa/vulnerabilities/xss_r/?name=%3Cscript%3Ealert%281%29%3C%2Fscript%3E,XSS,0,0.0
2025-12-31T07:43:57.416802Z,127.0.0.1,GET,http://192.168.122.170/dvwa/vulnerabilities/xss_s/,/dvwa/vulnerabilities/xss_s/,NORMAL,0,0.0
2025-12-31T07:44:33.735263Z,127.0.0.1,POST,http://192.168.122.170/dvwa/vulnerabilities/xss_s/,/dvwa/vulnerabilities/xss_s/,XSS,101,4.801
2025-12-31T07:44:35.410987Z,127.0.0.1,GET,http://192.168.122.170/dvwa/vulnerabilities/xss_s/,/dvwa/vulnerabilities/xss_s/,NORMAL,0,0.0
2025-12-31T07:45:34.206647Z,127.0.0.1,GET,https://contile.services.mozilla.com/v1/tiles,/v1/tiles,NORMAL,0,0.0
2025-12-31T09:32:43.412612Z,127.0.0.1,GET,https://safebrowsing.googleapis.com/v4/threatListUpdates:fetch?$ct=application/x-protobuf&key=AIzaSyD3uzXks34szqk9WhKoFZypVPgdDbT3uPw&$httpMethod=POST&$req=ChUKE25hdmNsaWVudC1hdXRvLWZmb3gaJwgFEAIaGwoNCAUQBhgBIgMwMDEwARC5lR4aAhgDaJb2hiICIAIoARonCAEQAhobCg0IARAGGAEiAzAwMTABEJ68ExoCGANL77jlIgIgAigBGicIAxACGhsKDQgDEAYYASIDMDAxMAEQxLQTGgIYAxVFItoiAiACKAEaJwgHEAIaGwoNCAcQBhgBIgMwMDEwARC1wBMaAhgDNIGzSiICIAIoARolCAkQAhoZCg0ICRAGGAEiAzAwMTABECQaAhgDhGZAriICIAIoAQ==,/v4/threatListUpdates:fetch?$ct=application/x-protobuf&key=AIzaSyD3uzXks34szqk9WhKoFZypVPgdDbT3uPw&$httpMethod=POST&$req=ChUKE25hdmNsaWVudC1hdXRvLWZmb3gaJwgFEAIaGwoNCAUQBhgBIgMwMDEwARC5lR4aAhgDaJb2hiICIAIoARonCAEQAhobCg0IARAGGAEiAzAwMTABEJ68ExoCGANL77jlIgIgAigBGicIAxACGhsKDQgDEAYYASIDMDAxMAEQxLQTGgIYAxVFItoiAiACKAEaJwgHEAIaGwoNCAcQBhgBIgMwMDEwARC1wBMaAhgDNIGzSiICIAIoARolCAkQAhoZCg0ICRAGGAEiAzAwMTABECQaAhgDhGZAriICIAIoAQ==,NORMAL,0,0.0
2025-12-31T09:45:53.484372Z,127.0.0.1,GET,https://contile.services.mozilla.com/v1/tiles,/v1/tiles,NORMAL,0,0.0
2025-12-31T10:00:57.013541Z,127.0.0.1,GET,https://contile.services.mozilla.com/v1/tiles,/v1/tiles,NORMAL,0,0.0
2025-12-31T10:02:56.959484Z,127.0.0.1,GET,https://safebrowsing.googleapis.com/v4/threatListUpdates:fetch?$ct=application/x-protobuf&key=AIzaSyD3uzXks34szqk9WhKoFZypVPgdDbT3uPw&$httpMethod=POST&$req=ChUKE25hdmNsaWVudC1hdXRvLWZmb3gaJwgFEAIaGwoNCAUQBhgBIgMwMDEwARC-lR4aAhgDFzsO5iICIAIoARonCAEQAhobCg0IARAGGAEiAzAwMTABEKS8ExoCGAPTWD-IIgIgAigBGicIAxACGhsKDQgDEAYYASIDMDAxMAEQyrQTGgIYA5uDDZkiAiACKAEaJwgHEAIaGwoNCAcQBhgBIgMwMDEwARC6wBMaAhgDNxZvhiICIAIoARolCAkQAhoZCg0ICRAGGAEiAzAwMTABECQaAhgDhGZAriICIAIoAQ==,/v4/threatListUpdates:fetch?$ct=application/x-protobuf&key=AIzaSyD3uzXks34szqk9WhKoFZypVPgdDbT3uPw&$httpMethod=POST&$req=ChUKE25hdmNsaWVudC1hdXRvLWZmb3gaJwgFEAIaGwoNCAUQBhgBIgMwMDEwARC-lR4aAhgDFzsO5iICIAIoARonCAEQAhobCg0IARAGGAEiAzAwMTABEKS8ExoCGAPTWD-IIgIgAigBGicIAxACGhsKDQgDEAYYASIDMDAxMAEQyrQTGgIYA5uDDZkiAiACKAEaJwgHEAIaGwoNCAcQBhgBIgMwMDEwARC6wBMaAhgDNxZvhiICIAIoARolCAkQAhoZCg0ICRAGGAEiAzAwMTABECQaAhgDhGZAriICIAIoAQ==,NORMAL,0,0.0
2025-12-31T10:33:17.939406Z,127.0.0.1,GET,https://safebrowsing.googleapis.com/v4/threatListUpdates:fetch?$ct=application/x-protobuf&key=AIzaSyD3uzXks34szqk9WhKoFZypVPgdDbT3uPw&$httpMethod=POST&$req=ChUKE25hdmNsaWVudC1hdXRvLWZmb3gaJwgFEAIaGwoNCAUQBhgBIgMwMDEwARDClR4aAhgDYrFjpyICIAIoARonCAEQAhobCg0IARAGGAEiAzAwMTABEKi8ExoCGAMPbiO4IgIgAigBGicIAxACGhsKDQgDEAYYASIDMDAxMAEQzrQTGgIYAxOzwvciAiACKAEaJwgHEAIaGwoNCAcQBhgBIgMwMDEwARC9wBMaAhgD4BHR5iICIAIoARolCAkQAhoZCg0ICRAGGAEiAzAwMTABECQaAhgDhGZAriICIAIoAQ==,/v4/threatListUpdates:fetch?$ct=application/x-protobuf&key=AIzaSyD3uzXks34szqk9WhKoFZypVPgdDbT3uPw&$httpMethod=POST&$req=ChUKE25hdmNsaWVudC1hdXRvLWZmb3gaJwgFEAIaGwoNCAUQBhgBIgMwMDEwARDClR4aAhgDYrFjpyICIAIoARonCAEQAhobCg0IARAGGAEiAzAwMTABEKi8ExoCGAMPbiO4IgIgAigBGicIAxACGhsKDQgDEAYYASIDMDAxMAEQzrQTGgIYAxOzwvciAiACKAEaJwgHEAIaGwoNCAcQBhgBIgMwMDEwARC9wBMaAhgD4BHR5iICIAIoARolCAkQAhoZCg0ICRAGGAEiAzAwMTABECQaAhgDhGZAriICIAIoAQ==,NORMAL,0,0.0
2025-12-31T10:41:54.404226Z,127.0.0.1,GET,http://detectportal.firefox.com/success.txt?ipv4,/success.txt?ipv4,NORMAL,0,0.0
2025-12-31T10:41:54.412288Z,127.0.0.1,GET,http://detectportal.firefox.com/success.txt?ipv6,/success.txt?ipv6,NORMAL,0,0.0
2025-12-31T10:41:54.420018Z,127.0.0.1,GET,http://detectportal.firefox.com/success.txt?ipv4,/success.txt?ipv4,NORMAL,0,0.0
2025-12-31T10:41:54.420642Z,127.0.0.1,GET,http://detectportal.firefox.com/success.txt?ipv6,/success.txt?ipv6,NORMAL,0,0.0
2025-12-31T11:43:03.252430Z,127.0.0.1,GET,http://detectportal.firefox.com/success.txt?ipv4,/success.txt?ipv4,NORMAL,0,0.0
2025-12-31T11:43:03.376570Z,127.0.0.1,GET,http://detectportal.firefox.com/success.txt?ipv6,/success.txt?ipv6,NORMAL,0,0.0
2025-12-31T11:43:10.014868Z,127.0.0.1,GET,http://detectportal.firefox.com/success.txt?ipv4,/success.txt?ipv4,NORMAL,0,0.0
2025-12-31T11:43:10.019088Z,127.0.0.1,GET,http://detectportal.firefox.com/success.txt?ipv6,/success.txt?ipv6,NORMAL,0,0.0
2025-12-31T11:43:10.022272Z,127.0.0.1,GET,http://detectportal.firefox.com/success.txt?ipv4,/success.txt?ipv4,NORMAL,0,0.0
2025-12-31T11:43:10.022868Z,127.0.0.1,GET,http://detectportal.firefox.com/success.txt?ipv6,/success.txt?ipv6,NORMAL,0,0.0
2025-12-31T11:43:12.063210Z,127.0.0.1,GET,http://detectportal.firefox.com/success.txt?ipv4,/success.txt?ipv4,NORMAL,0,0.0
2025-12-31T11:43:12.064420Z,127.0.0.1,GET,http://detectportal.firefox.com/success.txt?ipv6,/success.txt?ipv6,NORMAL,0,0.0
2025-12-31T11:53:05.681271Z,127.0.0.1,GET,https://contile.services.mozilla.com/v1/tiles,/v1/tiles,NORMAL,0,0.0
